date,day_of_week,week_start,month,is_weekend,user_id,income_inr,total_expenses_inr,net_cash_flow_inr,daily_budget_inr,budget_variance_inr,cash_balance_inr,debt_balance_inr,essential_expenses_inr,discretionary_expenses_inr,financial_risk_score,finance_compliance_status,study_hours,focus_rating,focus_score,tasks_planned,tasks_completed,learning_risk_score,habit_completion_rate,average_habit_streak,sleep_hours,steps,water_liters,mood_score,stress_score,screen_time_hours,goal_progress_score,compliance_score,overall_risk_score,risk_level,active_alerts,productivity_score
2025-09-06,Saturday,2025-09-01,2025-09,true,6f168c2c-529c-4ec8-9932-90d1b493cf87,0,765,-765,2600,-1835,119235,180000,765,0,65,NON_COMPLIANT,0,,,0,0,62,0.25,0.2,7.5,6116,1.6,3.6,2.8,6.2,33,64,59,HIGH,1,38
2025-09-07,Sunday,2025-09-01,2025-09,true,6f168c2c-529c-4ec8-9932-90d1b493cf87,0,1757,-1757,2600,-843,117478,180000,899,858,65,NON_COMPLIANT,2.2,4,79,2,2,21,0.6,0.5,7.8,4740,2,4,2.2,6.2,19,78,41,MEDIUM,0,79
2025-09-08,Monday,2025-09-08,2025-09,false,6f168c2c-529c-4ec8-9932-90d1b493cf87,0,1916,-1916,2100,-184,115562,180000,1117,799,65,NON_COMPLIANT,0,,,0,0,62,0.5,0.8,7.3,6045,1.8,4.3,1.9,5.7,33,68,55,MEDIUM,0,45
2025-09-09,Tuesday,2025-09-08,2025-09,false,6f168c2c-529c-4ec8-9932-90d1b493cf87,0,1776,-1776,2100,-324,113786,180000,1776,0,65,NON_COMPLIANT,1,4,79,3,3,29,1,1.5,7.3,10599,2.3,3.8,2.7,6.3,38,84,37,LOW,0,91
2025-09-10,Wednesday,2025-09-08,2025-09,false,6f168c2c-529c-4ec8-9932-90d1b493cf87,0,8000,-8000,2100,5900,105786,172000,8000,0,75,NON_COMPLIANT,2.1,4,80,3,3,20,0.75,1.7,7.1,4275,1.9,4.2,2.8,4.9,25,79,42,MEDIUM,0,84
2025-09-11,Thursday,2025-09-08,2025-09,false,6f168c2c-529c-4ec8-9932-90d1b493cf87,0,102,-102,2100,-1998,105684,172000,102,0,65,NON_COMPLIANT,3.1,3,64,2,2,36,0.5,1.5,6.6,6179,1.9,3.9,2.7,6.2,44,73,47,MEDIUM,0,69
2025-09-12,Friday,2025-09-08,2025-09,false,6f168c2c-529c-4ec8-9932-90d1b493cf87,0,515,-515,2100,-1585,105169,172000,0,515,65,NON_COMPLIANT,0,,,0,0,62,0.5,1.8,7.6,4983,2.1,3.6,2.1,6.2,45,68,55,MEDIUM,0,45
2025-09-13,Saturday,2025-09-08,2025-09,true,6f168c2c-529c-4ec8-9932-90d1b493cf87,0,1819,-1819,2600,-781,103350,172000,581,1238,65,NON_COMPLIANT,0,,,0,0,62,0.75,2.3,7.7,8012,2,4.5,1.9,6.1,47,74,50,MEDIUM,0,53
2025-09-14,Sunday,2025-09-08,2025-09,true,6f168c2c-529c-4ec8-9932-90d1b493cf87,0,918,-918,2600,-1682,102432,172000,351,567,65,NON_COMPLIANT,2.5,3,63,5,4,37,0.6,1.3,7.1,6653,1.6,3.7,2.7,7,52,74,47,MEDIUM,0,66
2025-09-15,Monday,2025-09-15,2025-09,false,6f168c2c-529c-4ec8-9932-90d1b493cf87,0,873,-873,2100,-1227,101559,172000,873,0,65,NON_COMPLIANT,2.7,3,67,3,2,33,1,2,6.7,11334,2.1,4.3,2,6,40,83,38,MEDIUM,0,77
2025-09-16,Tuesday,2025-09-15,2025-09,false,6f168c2c-529c-4ec8-9932-90d1b493cf87,0,931,-931,2100,-1169,100628,172000,931,0,65,NON_COMPLIANT,2.9,3,68,3,2,32,1,2.7,7.5,9140,1.9,4.2,2.4,6.2,48,83,38,MEDIUM,0,77
2025-09-17,Wednesday,2025-09-15,2025-09,false,6f168c2c-529c-4ec8-9932-90d1b493cf87,0,310,-310,2100,-1790,100318,172000,310,0,65,NON_COMPLIANT,0,,,0,0,62,1,3.3,6.8,5016,2.2,3.9,2.3,5.3,47,77,47,MEDIUM,0,60
2025-09-18,Thursday,2025-09-15,2025-09,false,6f168c2c-529c-4ec8-9932-90d1b493cf87,6409,1426,4983,2100,-674,105301,172000,125,1301,95,NON_COMPLIANT,0,,,0,0,62,0.75,3.2,6.6,9460,2.1,4,2.4,5.3,50,65,63,HIGH,0,53
2025-09-19,Friday,2025-09-15,2025-09,false,6f168c2c-529c-4ec8-9932-90d1b493cf87,0,396,-396,2100,-1704,104905,172000,396,0,95,NON_COMPLIANT,2.8,3,63,2,2,37,0.5,2.2,6.6,5818,1.7,4,3.1,6.3,53,65,60,HIGH,0,68
2025-09-20,Saturday,2025-09-15,2025-09,true,6f168c2c-529c-4ec8-9932-90d1b493cf87,0,1449,-1449,2600,-1151,103456,172000,0,1449,95,NON_COMPLIANT,0,,,0,0,62,1,2.8,7.9,10465,1.8,3.4,2.6,7,58,69,60,HIGH,0,60
2025-09-21,Sunday,2025-09-15,2025-09,true,6f168c2c-529c-4ec8-9932-90d1b493cf87,0,1758,-1758,2600,-842,101698,172000,0,1758,95,NON_COMPLIANT,1.5,3,60,4,3,44,0.6,1.3,7.1,4456,1.6,3.9,2.8,6.2,43,66,60,HIGH,0,64
2025-09-22,Monday,2025-09-22,2025-09,false,6f168c2c-529c-4ec8-9932-90d1b493cf87,0,588,-588,2100,-1512,101110,172000,588,0,95,NON_COMPLIANT,0,,,0,0,62,0.75,1.8,7.6,11489,1.7,3.2,3,5.7,37,65,63,HIGH,0,53
2025-09-23,Tuesday,2025-09-22,2025-09,false,6f168c2c-529c-4ec8-9932-90d1b493cf87,0,221,-221,2100,-1879,100889,172000,221,0,95,NON_COMPLIANT,2.7,3,65,4,3,35,0.75,2.2,7.4,9977,1.6,3.4,2.2,5.9,28,70,55,MEDIUM,0,71
2025-09-24,Wednesday,2025-09-22,2025-09,false,6f168c2c-529c-4ec8-9932-90d1b493cf87,0,375,-375,2100,-1725,100514,172000,375,0,95,NON_COMPLIANT,1.5,4,81,3,3,23,1,2.8,7.2,5029,2.1,3.9,2.7,5.2,46,77,48,MEDIUM,0,91
2025-09-25,Thursday,2025-09-22,2025-09,false,6f168c2c-529c-4ec8-9932-90d1b493cf87,0,199,-199,2100,-1901,100315,172000,199,0,95,NON_COMPLIANT,1.6,4,77,3,3,26,0.5,2,7.7,10693,1.9,3.6,2.3,4.8,52,68,56,MEDIUM,0,75
2025-09-26,Friday,2025-09-22,2025-09,false,6f168c2c-529c-4ec8-9932-90d1b493cf87,0,202,-202,2100,-1898,100113,172000,202,0,95,NON_COMPLIANT,1,3,60,4,3,48,0.75,1.8,7.1,4634,2,3.4,2.2,5.6,53,68,59,HIGH,0,68
2025-09-27,Saturday,2025-09-22,2025-09,true,6f168c2c-529c-4ec8-9932-90d1b493cf87,0,657,-657,2600,-1943,99456,172000,657,0,95,NON_COMPLIANT,0,,,0,0,62,0.75,1.8,7.1,10728,2,3.3,2.7,6.7,39,64,64,HIGH,0,53
2025-09-28,Sunday,2025-09-22,2025-09,true,6f168c2c-529c-4ec8-9932-90d1b493cf87,0,365,-365,2600,-2235,99091,172000,0,365,95,NON_COMPLIANT,1.2,4,76,6,5,30,0.6,1.5,7,5216,1.8,3.1,2.8,5.7,57,68,56,MEDIUM,0,73
2025-09-29,Monday,2025-09-29,2025-09,false,6f168c2c-529c-4ec8-9932-90d1b493cf87,0,1206,-1206,2100,-894,97885,172000,1206,0,95,NON_COMPLIANT,0,,,0,0,62,0.5,1.2,6.8,10380,2.1,3,3.1,5.5,20,60,67,HIGH,0,45
2025-09-30,Tuesday,2025-09-29,2025-09,false,6f168c2c-529c-4ec8-9932-90d1b493cf87,0,912,-912,2100,-1188,96973,172000,912,0,95,NON_COMPLIANT,0,,,0,0,62,1,1.8,7.5,9069,1.7,3.5,2.8,5.8,41,70,59,HIGH,0,60
2025-10-01,Wednesday,2025-09-29,2025-10,false,6f168c2c-529c-4ec8-9932-90d1b493cf87,85000,1489,83511,2100,-611,180484,172000,1489,0,21,COMPLIANT,2.4,4,79,4,4,21,0.5,1.8,7.3,7114,1.6,3.6,3.2,5.7,61,88,24,LOW,0,76
2025-10-02,Thursday,2025-09-29,2025-10,false,6f168c2c-529c-4ec8-9932-90d1b493cf87,0,23186,-23186,2100,21086,157298,172000,23186,0,43,COMPLIANT,1.2,4,78,3,3,28,0.75,2.3,7.1,10216,1.9,3.9,2.7,6.4,65,86,31,LOW,1,83
2025-10-03,Friday,2025-09-29,2025-10,false,6f168c2c-529c-4ec8-9932-90d1b493cf87,0,1729,-1729,2100,-371,155569,172000,1172,557,34,COMPLIANT,0,,,0,0,62,0.5,1.7,7.3,9011,1.7,4.3,2.4,5.1,52,77,42,MEDIUM,0,45
2025-10-04,Saturday,2025-09-29,2025-10,true,6f168c2c-529c-4ec8-9932-90d1b493cf87,0,528,-528,2600,-2072,155041,172000,0,528,34,COMPLIANT,0,,,0,0,62,0.5,1.8,7.5,8571,1.8,3.4,2.9,6,56,77,42,MEDIUM,0,45
2025-10-05,Sunday,2025-09-29,2025-10,true,6f168c2c-529c-4ec8-9932-90d1b493cf87,0,2943,-2943,2600,343,152098,172000,2943,0,36,COMPLIANT,0,,,0,0,62,0.8,2.5,7.1,7035,1.9,3.4,3.2,5.9,72,82,38,MEDIUM,0,54
2025-10-06,Monday,2025-10-06,2025-10,false,6f168c2c-529c-4ec8-9932-90d1b493cf87,0,0,0,2100,-2100,152098,172000,0,0,36,COMPLIANT,1.5,5,96,4,4,8,0.75,2,7.5,4975,1.8,3.7,2.3,4.9,53,92,22,LOW,0,91
2025-10-07,Tuesday,2025-10-06,2025-10,false,6f168c2c-529c-4ec8-9932-90d1b493cf87,0,1541,-1541,2100,-559,150557,172000,1541,0,37,COMPLIANT,1.5,5,94,6,6,10,0.5,1.5,7.3,9479,1.7,3.8,2.6,5.1,42,86,27,LOW,0,82
2025-10-08,Wednesday,2025-10-06,2025-10,false,6f168c2c-529c-4ec8-9932-90d1b493cf87,0,1896,-1896,2100,-204,148661,172000,1097,799,38,COMPLIANT,2.5,4,82,2,2,18,0.75,2,7.5,4866,1.7,4.3,2.2,5.6,45,89,26,LOW,0,84
2025-10-09,Thursday,2025-10-06,2025-10,false,6f168c2c-529c-4ec8-9932-90d1b493cf87,0,983,-983,2100,-1117,147678,172000,983,0,38,COMPLIANT,1.3,3,61,2,2,45,0.75,2,7.1,8839,1.9,3.3,3.1,5,66,84,34,LOW,0,75
2025-10-10,Friday,2025-10-06,2025-10,false,6f168c2c-529c-4ec8-9932-90d1b493cf87,0,8000,-8000,2100,5900,139678,164000,8000,0,52,COMPLIANT,3,4,81,6,5,19,0.5,1.7,6.7,7126,1.6,3.3,2.6,5.2,70,81,36,LOW,0,72
2025-10-11,Saturday,2025-10-06,2025-10,true,6f168c2c-529c-4ec8-9932-90d1b493cf87,0,0,0,2600,-2600,139678,164000,0,0,42,COMPLIANT,0,,,0,0,62,0,1.2,7.6,5271,1.8,4.5,2.1,7.1,54,64,55,MEDIUM,1,30
2025-10-12,Sunday,2025-10-06,2025-10,true,6f168c2c-529c-4ec8-9932-90d1b493cf87,0,1041,-1041,2600,-1559,138637,164000,1041,0,43,COMPLIANT,2.6,4,82,6,5,18,0.8,1.5,7.7,5231,1.9,4,2.9,7.2,74,88,28,LOW,0,82
2025-10-13,Monday,2025-10-13,2025-10,false,6f168c2c-529c-4ec8-9932-90d1b493cf87,0,244,-244,2100,-1856,138393,164000,244,0,43,COMPLIANT,1.9,4,78,6,5,23,0.5,1.7,7.5,4895,2.1,3.6,3,6.3,55,82,34,LOW,0,71
2025-10-14,Tuesday,2025-10-13,2025-10,false,6f168c2c-529c-4ec8-9932-90d1b493cf87,0,158,-158,2100,-1942,138235,164000,158,0,43,COMPLIANT,0,,,0,0,62,1,2.3,7.5,10440,2.2,3.7,2,5.8,58,83,38,MEDIUM,0,60
2025-10-15,Wednesday,2025-10-13,2025-10,false,6f168c2c-529c-4ec8-9932-90d1b493cf87,0,1180,-1180,2100,-920,137055,164000,1180,0,44,COMPLIANT,0,,,0,0,62,1,3,6.7,3876,2.1,3.9,2.5,5.4,57,83,38,MEDIUM,0,60
2025-10-16,Thursday,2025-10-13,2025-10,false,6f168c2c-529c-4ec8-9932-90d1b493cf87,0,375,-375,2100,-1725,136680,164000,375,0,44,COMPLIANT,0,,,0,0,62,0.5,2.5,7.1,4055,1.9,3.1,2.8,5.7,41,74,46,MEDIUM,0,45
2025-10-17,Friday,2025-10-13,2025-10,false,6f168c2c-529c-4ec8-9932-90d1b493cf87,0,1406,-1406,2100,-694,135274,164000,1406,0,45,COMPLIANT,0,,,0,0,62,0.75,2.5,6.6,10694,2.1,3.7,2.6,5.8,60,79,42,MEDIUM,0,53
2025-10-18,Saturday,2025-10-13,2025-10,true,6f168c2c-529c-4ec8-9932-90d1b493cf87,0,518,-518,2600,-2082,134756,164000,0,518,45,COMPLIANT,0,,,0,0,62,0.75,3,7.4,8997,2.2,3.3,2.5,6.5,65,78,43,MEDIUM,0,53
2025-10-19,Sunday,2025-10-13,2025-10,true,6f168c2c-529c-4ec8-9932-90d1b493cf87,0,1316,-1316,2600,-1284,133440,164000,768,548,46,COMPLIANT,2.4,3,65,6,5,35,0.8,3.7,7.7,4409,2.1,4.2,2.8,7,68,84,34,LOW,0,74
2025-10-20,Monday,2025-10-20,2025-10,false,6f168c2c-529c-4ec8-9932-90d1b493cf87,0,1119,-1119,2100,-981,132321,164000,0,1119,46,COMPLIANT,0,,,0,0,62,0.5,2.3,7.5,7242,1.6,4.4,1.9,6.2,53,73,47,MEDIUM,0,45
2025-10-21,Tuesday,2025-10-20,2025-10,false,6f168c2c-529c-4ec8-9932-90d1b493cf87,0,1163,-1163,2100,-937,131158,164000,1163,0,47,COMPLIANT,1,4,77,4,4,31,0.75,2.2,6.8,9792,2,3.2,2.4,5.7,40,84,34,LOW,0,82
2025-10-22,Wednesday,2025-10-20,2025-10,false,6f168c2c-529c-4ec8-9932-90d1b493cf87,0,303,-303,2100,-1797,130855,164000,303,0,47,COMPLIANT,1.8,3,64,3,2,38,1,2.8,7.6,5181,1.7,3.5,2.4,6.2,59,87,32,LOW,0,75
2025-10-23,Thursday,2025-10-20,2025-10,false,6f168c2c-529c-4ec8-9932-90d1b493cf87,0,1629,-1629,2100,-471,129226,164000,1629,0,48,COMPLIANT,2.3,4,83,4,4,17,1,3.5,7.6,8641,2.2,4.1,2.4,5.7,66,91,26,LOW,0,92
2025-10-24,Friday,2025-10-20,2025-10,false,6f168c2c-529c-4ec8-9932-90d1b493cf87,0,927,-927,2100,-1173,128299,164000,927,0,48,COMPLIANT,0,,,0,0,62,0.5,2.7,6.6,9053,1.6,3.8,2.7,4.9,67,73,47,MEDIUM,0,45
2025-10-25,Saturday,2025-10-20,2025-10,true,6f168c2c-529c-4ec8-9932-90d1b493cf87,0,711,-711,2600,-1889,127588,164000,0,711,49,COMPLIANT,0,,,0,0,62,0.75,3.2,8.1,8568,2.1,3.8,2.7,6.4,72,77,44,MEDIUM,0,53
2025-10-26,Sunday,2025-10-20,2025-10,true,6f168c2c-529c-4ec8-9932-90d1b493cf87,0,931,-931,2600,-1669,126657,164000,0,931,49,COMPLIANT,1.9,5,97,2,2,5,0.8,3.8,8,5055,1.8,4.3,2.5,6.6,74,90,26,LOW,0,93
2025-10-27,Monday,2025-10-27,2025-10,false,6f168c2c-529c-4ec8-9932-90d1b493cf87,0,335,-335,2100,-1765,126322,164000,335,0,49,COMPLIANT,1.7,3,62,6,5,40,0.75,3.5,6.6,11481,2.1,3.7,2.7,6.4,40,82,37,LOW,0,71
2025-10-28,Tuesday,2025-10-27,2025-10,false,6f168c2c-529c-4ec8-9932-90d1b493cf87,0,631,-631,2100,-1469,125691,164000,631,0,50,COMPLIANT,2.7,4,78,2,2,22,0.25,2.2,6.5,6407,1.8,3.6,1.9,6,58,75,41,MEDIUM,1,68
2025-10-29,Wednesday,2025-10-27,2025-10,false,6f168c2c-529c-4ec8-9932-90d1b493cf87,0,851,-851,2100,-1249,124840,164000,851,0,50,COMPLIANT,2.1,5,95,3,3,5,0.5,2.5,7.7,4562,1.8,4.4,2.1,5.8,63,84,31,LOW,0,83
2025-10-30,Thursday,2025-10-27,2025-10,false,6f168c2c-529c-4ec8-9932-90d1b493cf87,0,2950,-2950,2100,850,121890,164000,1397,1553,52,COMPLIANT,0,,,0,0,62,0.5,2.8,7.1,6701,2.1,4,2.7,6.4,64,72,50,MEDIUM,0,45
2025-10-31,Friday,2025-10-27,2025-10,false,6f168c2c-529c-4ec8-9932-90d1b493cf87,0,136,-136,2100,-1964,121754,164000,136,0,52,COMPLIANT,2,3,65,4,3,35,1,3.5,7.3,10538,2.2,4,1.9,5,70,87,33,LOW,0,78
2025-11-01,Saturday,2025-10-27,2025-11,true,6f168c2c-529c-4ec8-9932-90d1b493cf87,85000,696,84304,2600,-1904,206058,164000,696,0,20,COMPLIANT,0,,,0,0,62,0.75,3.8,7.1,6460,2,3.9,1.8,5.6,69,86,31,LOW,0,53
2025-11-02,Sunday,2025-10-27,2025-11,true,6f168c2c-529c-4ec8-9932-90d1b493cf87,0,22438,-22438,2600,19838,183620,164000,22438,0,42,COMPLIANT,3.1,3,64,2,2,36,0.4,2.5,7.4,4604,2.1,3.8,1.7,6.9,57,77,40,MEDIUM,2,66
2025-11-03,Monday,2025-11-03,2025-11,false,6f168c2c-529c-4ec8-9932-90d1b493cf87,0,2900,-2900,2100,800,180720,164000,1694,1206,34,COMPLIANT,2,5,97,5,5,5,0.75,3,6.8,8079,2,3.7,1.7,5.1,58,93,20,LOW,0,91
2025-11-04,Tuesday,2025-11-03,2025-11,false,6f168c2c-529c-4ec8-9932-90d1b493cf87,0,0,0,2100,-2100,180720,164000,0,0,34,COMPLIANT,2.8,3,67,4,3,33,1,3.7,7,9740,2.1,4.1,2.3,5.8,65,92,25,LOW,0,79
2025-11-05,Wednesday,2025-11-03,2025-11,false,6f168c2c-529c-4ec8-9932-90d1b493cf87,0,4304,-4304,2100,2204,176416,164000,4304,0,46,COMPLIANT,2.9,4,83,3,3,17,0.75,3.8,7.5,5702,1.7,3.7,2.8,6.1,69,87,29,LOW,0,85
2025-11-06,Thursday,2025-11-03,2025-11,false,6f168c2c-529c-4ec8-9932-90d1b493cf87,0,1939,-1939,2100,-161,174477,164000,802,1137,37,COMPLIANT,2,4,82,3,3,18,1,4.5,7,10934,2.3,4.2,2.3,5.7,74,94,22,LOW,0,92
2025-11-07,Friday,2025-11-03,2025-11,false,6f168c2c-529c-4ec8-9932-90d1b493cf87,0,1222,-1222,2100,-878,173255,164000,1222,0,38,COMPLIANT,3.1,3,66,4,3,34,0.75,4.8,6.9,10950,2,4.1,2.6,6.1,81,86,31,LOW,0,71
2025-11-08,Saturday,2025-11-03,2025-11,true,6f168c2c-529c-4ec8-9932-90d1b493cf87,0,2565,-2565,2600,-35,170690,164000,0,2565,39,COMPLIANT,0,,,0,0,62,0.75,5.3,7.7,9662,2.1,3.6,1.6,6.8,85,80,40,MEDIUM,0,53
2025-11-09,Sunday,2025-11-03,2025-11,true,6f168c2c-529c-4ec8-9932-90d1b493cf87,0,0,0,2600,-2600,170690,164000,0,0,39,COMPLIANT,2.9,5,100,2,2,5,1,6.2,7.6,6579,2.3,4.2,2.2,6,86,96,19,LOW,0,100
2025-11-10,Monday,2025-11-10,2025-11,false,6f168c2c-529c-4ec8-9932-90d1b493cf87,0,11085,-11085,2100,8985,159605,156000,8753,2332,55,COMPLIANT,1.2,5,95,2,2,11,0.75,5.5,7,8557,1.6,3.5,2,4.7,42,86,31,LOW,1,90
2025-11-11,Tuesday,2025-11-10,2025-11,false,6f168c2c-529c-4ec8-9932-90d1b493cf87,0,1183,-1183,2100,-917,158422,156000,1183,0,46,COMPLIANT,0,,,0,0,62,1,6.2,6.6,9011,2.2,3.6,1.8,4.8,61,83,39,MEDIUM,0,60
2025-11-12,Wednesday,2025-11-10,2025-11,false,6f168c2c-529c-4ec8-9932-90d1b493cf87,0,0,0,2100,-2100,158422,156000,0,0,46,COMPLIANT,1.5,5,94,3,3,10,0.5,5,6.8,5719,1.7,3.4,2.7,6.3,46,84,31,LOW,0,82
2025-11-13,Thursday,2025-11-10,2025-11,false,6f168c2c-529c-4ec8-9932-90d1b493cf87,0,369,-369,2100,-1731,158053,156000,369,0,46,COMPLIANT,0,,,0,0,62,0.75,5.5,7.3,8258,2.1,4.3,1.9,5.1,51,79,42,MEDIUM,0,53
2025-11-14,Friday,2025-11-10,2025-11,false,6f168c2c-529c-4ec8-9932-90d1b493cf87,0,309,-309,2100,-1791,157744,156000,309,0,46,COMPLIANT,0,,,0,0,62,0.25,3.5,6.7,6265,2,3.3,2.3,5.9,50,69,51,MEDIUM,1,38
2025-11-15,Saturday,2025-11-10,2025-11,true,6f168c2c-529c-4ec8-9932-90d1b493cf87,0,328,-328,2600,-2272,157416,156000,0,328,46,COMPLIANT,0,,,0,0,62,0.5,3.5,7.5,4287,2.1,4.3,1.4,6.6,67,73,47,MEDIUM,0,45
2025-11-16,Sunday,2025-11-10,2025-11,true,6f168c2c-529c-4ec8-9932-90d1b493cf87,0,2254,-2254,2600,-346,155162,156000,0,2254,47,COMPLIANT,0,,,0,0,62,0.6,3.8,7.8,5881,1.9,3.6,1.8,7,67,75,46,MEDIUM,0,48
2025-11-17,Monday,2025-11-17,2025-11,false,6f168c2c-529c-4ec8-9932-90d1b493cf87,0,392,-392,2100,-1708,154770,156000,392,0,48,COMPLIANT,3,3,66,5,4,34,0.75,4.3,6.6,10690,2,4,1.7,5.7,60,83,35,LOW,0,72
2025-11-18,Tuesday,2025-11-17,2025-11,false,6f168c2c-529c-4ec8-9932-90d1b493cf87,8369,224,8145,2100,-1876,162915,156000,224,0,45,COMPLIANT,0,,,0,0,62,1,5,6.9,8600,2.2,3.6,1.5,5.8,64,83,38,MEDIUM,0,60
2025-11-19,Wednesday,2025-11-17,2025-11,false,6f168c2c-529c-4ec8-9932-90d1b493cf87,0,1434,-1434,2100,-666,161481,156000,1434,0,46,COMPLIANT,2.1,4,78,4,4,22,0.5,4.5,6.5,5559,1.8,3.5,1.8,5.9,49,81,35,LOW,0,75
2025-11-20,Thursday,2025-11-17,2025-11,false,6f168c2c-529c-4ec8-9932-90d1b493cf87,0,1011,-1011,2100,-1089,160470,156000,300,711,46,COMPLIANT,1.2,4,76,6,5,30,0.5,4.3,7.6,9070,1.6,3.8,3,5.4,55,80,37,LOW,0,70
2025-11-21,Friday,2025-11-17,2025-11,false,6f168c2c-529c-4ec8-9932-90d1b493cf87,0,2989,-2989,2100,889,157481,156000,2989,0,48,COMPLIANT,2.8,4,82,6,5,18,0.75,4.8,7.3,8789,1.8,4.1,3.1,5.6,78,87,30,LOW,0,80
2025-11-22,Saturday,2025-11-17,2025-11,true,6f168c2c-529c-4ec8-9932-90d1b493cf87,0,2023,-2023,2600,-577,155458,156000,825,1198,49,COMPLIANT,4.1,3,71,4,3,29,1,5.5,7.2,8486,2.2,3.8,3.4,7.2,85,87,32,LOW,0,81
2025-11-23,Sunday,2025-11-17,2025-11,true,6f168c2c-529c-4ec8-9932-90d1b493cf87,0,1760,-1760,2600,-840,153698,156000,951,809,50,COMPLIANT,2.3,4,80,6,5,20,0.6,5.5,7.5,5392,1.6,3.5,2.5,6.7,71,82,35,LOW,0,75
2025-11-24,Monday,2025-11-24,2025-11,false,6f168c2c-529c-4ec8-9932-90d1b493cf87,0,640,-640,2100,-1460,153058,156000,640,0,50,COMPLIANT,3.5,3,70,4,3,30,1,6.2,6.6,9463,1.7,3.5,2.7,5.5,60,88,31,LOW,0,80
2025-11-25,Tuesday,2025-11-24,2025-11,false,6f168c2c-529c-4ec8-9932-90d1b493cf87,0,424,-424,2100,-1676,152634,156000,424,0,50,COMPLIANT,2.8,4,82,4,4,18,0.75,5.7,7.1,6325,2.1,3.3,2.4,5.3,65,86,31,LOW,0,84
2025-11-26,Wednesday,2025-11-24,2025-11,false,6f168c2c-529c-4ec8-9932-90d1b493cf87,0,0,0,2100,-2100,152634,156000,0,0,50,COMPLIANT,0,,,0,0,77,0.75,5.2,6.5,6657,2,3.4,3,5.5,63,74,49,MEDIUM,1,53
2025-11-27,Thursday,2025-11-24,2025-11,false,6f168c2c-529c-4ec8-9932-90d1b493cf87,0,1048,-1048,2100,-1052,151586,156000,1048,0,51,COMPLIANT,1.7,4,77,3,3,25,0.5,5,6.5,4116,2,2.9,3.3,5,65,79,38,MEDIUM,0,75
2025-11-28,Friday,2025-11-24,2025-11,false,6f168c2c-529c-4ec8-9932-90d1b493cf87,0,1421,-1421,2100,-679,150165,156000,116,1305,51,COMPLIANT,0,,,0,0,77,0.75,4.8,7.4,11033,2.2,3.2,2.9,5.9,54,74,49,MEDIUM,0,53
2025-11-29,Saturday,2025-11-24,2025-11,true,6f168c2c-529c-4ec8-9932-90d1b493cf87,0,1554,-1554,2600,-1046,148611,156000,1119,435,52,COMPLIANT,0,,,0,0,77,0.5,4.7,7.1,9180,2.1,3,3.3,5.8,73,69,54,MEDIUM,1,45
2025-11-30,Sunday,2025-11-24,2025-11,true,6f168c2c-529c-4ec8-9932-90d1b493cf87,0,2213,-2213,2600,-387,146398,156000,2213,0,53,COMPLIANT,3.6,5,100,3,3,5,0.6,5,8.1,3813,2.2,3.7,2.7,6.7,61,84,32,LOW,0,88
2025-12-01,Monday,2025-12-01,2025-12,false,6f168c2c-529c-4ec8-9932-90d1b493cf87,85000,1143,83857,2100,-957,230255,156000,0,1143,21,COMPLIANT,3.4,4,86,4,4,14,1,5.7,7.6,9096,2,3.4,2.5,5.6,62,99,14,LOW,0,94
2025-12-02,Tuesday,2025-12-01,2025-12,false,6f168c2c-529c-4ec8-9932-90d1b493cf87,0,23387,-23387,2100,21287,206868,156000,23387,0,43,COMPLIANT,3.9,4,84,2,2,16,0.5,5.7,6.8,8454,1.8,3.8,3.4,6.5,52,83,33,LOW,1,78
2025-12-03,Wednesday,2025-12-01,2025-12,false,6f168c2c-529c-4ec8-9932-90d1b493cf87,0,1834,-1834,2100,-266,205034,156000,1471,363,34,COMPLIANT,0,,,0,0,77,0.5,5.5,6.5,5580,1.6,2.9,3.3,5.3,67,73,47,MEDIUM,0,45
2025-12-04,Thursday,2025-12-01,2025-12,false,6f168c2c-529c-4ec8-9932-90d1b493cf87,0,544,-544,2100,-1556,204490,156000,544,0,34,COMPLIANT,1.5,3,62,2,2,42,0.75,5.8,6.7,10490,1.8,3.4,3,5.8,57,86,31,LOW,0,75
2025-12-05,Friday,2025-12-01,2025-12,false,6f168c2c-529c-4ec8-9932-90d1b493cf87,0,3449,-3449,2100,1349,201041,156000,3449,0,36,COMPLIANT,3,4,85,5,5,15,1,6.5,7.3,9805,1.8,3.7,2.6,5.1,82,95,20,LOW,1,93
2025-12-06,Saturday,2025-12-01,2025-12,true,6f168c2c-529c-4ec8-9932-90d1b493cf87,0,1397,-1397,2600,-1203,199644,156000,0,1397,37,COMPLIANT,3.2,3,67,5,4,33,0.75,6.7,7.3,11433,2.2,3.8,3.3,6.1,88,86,31,LOW,0,73
2025-12-07,Sunday,2025-12-01,2025-12,true,6f168c2c-529c-4ec8-9932-90d1b493cf87,0,1844,-1844,2600,-756,197800,156000,1338,506,38,COMPLIANT,1.3,4,80,6,5,26,1,7.5,8,4851,2.2,3.7,3.4,6.6,88,92,25,LOW,0,87
2025-12-08,Monday,2025-12-08,2025-12,false,6f168c2c-529c-4ec8-9932-90d1b493cf87,0,1016,-1016,2100,-1084,196784,156000,217,799,38,COMPLIANT,1.8,4,77,2,2,25,0.5,7,7.5,10679,1.8,4.2,2.7,5.9,60,83,32,LOW,0,75
2025-12-09,Tuesday,2025-12-08,2025-12,false,6f168c2c-529c-4ec8-9932-90d1b493cf87,0,393,-393,2100,-1707,196391,156000,393,0,39,COMPLIANT,1.1,4,79,2,2,28,1,7.7,7.6,8415,2.1,4.2,2.9,4.9,64,91,26,LOW,0,91
2025-12-10,Wednesday,2025-12-08,2025-12,false,6f168c2c-529c-4ec8-9932-90d1b493cf87,0,11540,-11540,2100,9440,184851,148000,8352,3188,55,COMPLIANT,0,,,0,0,77,0.25,4.2,7.3,4990,1.9,3.9,2.8,5.4,49,64,59,HIGH,2,38
2025-12-11,Thursday,2025-12-08,2025-12,false,6f168c2c-529c-4ec8-9932-90d1b493cf87,0,1470,-1470,2100,-630,183381,148000,651,819,45,COMPLIANT,3.8,4,85,5,5,15,0.75,4.7,7.7,10676,2.1,3.7,3,4.9,74,88,28,LOW,0,86
2025-12-12,Friday,2025-12-08,2025-12,false,6f168c2c-529c-4ec8-9932-90d1b493cf87,0,1254,-1254,2100,-846,182127,148000,1254,0,46,COMPLIANT,0,,,0,0,77,1,5.3,7.1,11423,2.1,3.5,3.5,5.1,77,79,44,MEDIUM,0,60
2025-12-13,Saturday,2025-12-08,2025-12,true,6f168c2c-529c-4ec8-9932-90d1b493cf87,0,0,0,2600,-2600,182127,148000,0,0,46,COMPLIANT,3.3,5,99,6,6,5,0.5,5.2,7.5,11333,1.5,3.9,3.4,6.5,67,84,31,LOW,0,85
2025-12-14,Sunday,2025-12-08,2025-12,true,6f168c2c-529c-4ec8-9932-90d1b493cf87,0,555,-555,2600,-2045,181572,148000,0,555,46,COMPLIANT,2.7,4,83,3,3,17,0.8,5.8,7.9,5220,2.1,4.2,3,5.7,87,88,28,LOW,0,86
2025-12-15,Monday,2025-12-15,2025-12,false,6f168c2c-529c-4ec8-9932-90d1b493cf87,0,149,-149,2100,-1951,181423,148000,149,0,46,COMPLIANT,2.7,3,63,4,3,37,0.5,5.2,7.5,9432,1.6,3.8,3.5,5.3,62,77,41,MEDIUM,0,62
2025-12-16,Tuesday,2025-12-15,2025-12,false,6f168c2c-529c-4ec8-9932-90d1b493cf87,0,406,-406,2100,-1694,181017,148000,406,0,47,COMPLIANT,2,4,82,2,2,18,1,5.8,7.2,10998,2.3,3.7,3.1,5.7,68,91,26,LOW,0,92
2025-12-17,Wednesday,2025-12-15,2025-12,false,6f168c2c-529c-4ec8-9932-90d1b493cf87,0,1611,-1611,2100,-489,179406,148000,947,664,48,COMPLIANT,2.7,3,67,4,3,33,1,6.5,6.6,6302,1.7,3.3,2.5,5.8,70,88,31,LOW,0,79
2025-12-18,Thursday,2025-12-15,2025-12,false,6f168c2c-529c-4ec8-9932-90d1b493cf87,0,635,-635,2100,-1465,178771,148000,635,0,48,COMPLIANT,0,,,0,0,77,0.25,3.3,6.7,5489,1.9,3.5,2.6,5,53,66,56,MEDIUM,1,38
2025-12-19,Friday,2025-12-15,2025-12,false,6f168c2c-529c-4ec8-9932-90d1b493cf87,0,2240,-2240,2100,140,176531,148000,2240,0,49,COMPLIANT,1.2,4,80,5,4,26,1,4,6.7,9359,1.9,3.8,3,5.8,75,89,29,LOW,0,86
2025-12-20,Saturday,2025-12-15,2025-12,true,6f168c2c-529c-4ec8-9932-90d1b493cf87,0,483,-483,2600,-2117,176048,148000,483,0,49,COMPLIANT,0,,,0,0,77,1,4.7,8.1,10545,2,4.3,2.8,6,79,79,45,MEDIUM,1,60
2025-12-21,Sunday,2025-12-15,2025-12,true,6f168c2c-529c-4ec8-9932-90d1b493cf87,0,735,-735,2600,-1865,175313,148000,0,735,50,COMPLIANT,1.4,4,79,3,3,26,0.8,4.5,7.9,7167,2,4.1,2.9,6.4,81,85,33,LOW,0,85
2025-12-22,Monday,2025-12-22,2025-12,false,6f168c2c-529c-4ec8-9932-90d1b493cf87,0,105,-105,2100,-1995,175208,148000,105,0,50,COMPLIANT,3.6,4,83,4,4,17,0.5,4,6.7,4959,1.9,3.6,2.8,6.1,42,81,35,LOW,0,77
2025-12-23,Tuesday,2025-12-22,2025-12,false,6f168c2c-529c-4ec8-9932-90d1b493cf87,0,1051,-1051,2100,-1049,174157,148000,1051,0,50,COMPLIANT,2,4,78,4,4,22,0.5,4.2,7.5,10164,1.8,3,3.7,6.5,49,79,39,MEDIUM,0,75
2025-12-24,Wednesday,2025-12-22,2025-12,false,6f168c2c-529c-4ec8-9932-90d1b493cf87,0,97,-97,2100,-2003,174060,148000,97,0,50,COMPLIANT,3.7,4,81,4,4,19,0.25,3.5,7.2,4686,1.7,3.3,3.3,5.4,53,76,40,MEDIUM,1,69
2025-12-25,Thursday,2025-12-22,2025-12,false,6f168c2c-529c-4ec8-9932-90d1b493cf87,0,180,-180,2100,-1920,173880,148000,180,0,50,COMPLIANT,3.9,4,88,2,2,12,1,4.2,6.9,8061,2.2,3,3.3,5.2,77,92,25,LOW,0,95
2025-12-26,Friday,2025-12-22,2025-12,false,6f168c2c-529c-4ec8-9932-90d1b493cf87,0,556,-556,2100,-1544,173324,148000,556,0,51,COMPLIANT,2.2,3,62,3,2,38,0.5,4.2,6.9,10812,2,3.7,3.6,6.3,82,76,43,MEDIUM,0,60
2025-12-27,Saturday,2025-12-22,2025-12,true,6f168c2c-529c-4ec8-9932-90d1b493cf87,0,607,-607,2600,-1993,172717,148000,0,607,51,COMPLIANT,2.1,3,63,6,5,37,0.75,4.7,8,9836,1.7,3.7,2.7,6.3,86,82,37,LOW,0,72
2025-12-28,Sunday,2025-12-22,2025-12,true,6f168c2c-529c-4ec8-9932-90d1b493cf87,0,2150,-2150,2600,-450,170567,148000,0,2150,52,COMPLIANT,2.3,4,81,3,3,19,0.8,4.8,8,5134,1.8,3.8,2.9,5.7,69,86,31,LOW,0,85
2025-12-29,Monday,2025-12-29,2025-12,false,6f168c2c-529c-4ec8-9932-90d1b493cf87,0,419,-419,2100,-1681,170148,148000,419,0,52,COMPLIANT,4,3,69,2,2,31,0.75,5.2,7.3,11443,2,3.3,3.1,4.9,63,83,36,LOW,0,79
2025-12-30,Tuesday,2025-12-29,2025-12,false,6f168c2c-529c-4ec8-9932-90d1b493cf87,0,329,-329,2100,-1771,169819,148000,329,0,53,COMPLIANT,3.7,4,83,5,5,17,0.5,5,6.5,10198,1.7,3.2,3.3,4.9,70,80,37,LOW,0,77
2025-12-31,Wednesday,2025-12-29,2025-12,false,6f168c2c-529c-4ec8-9932-90d1b493cf87,0,375,-375,2100,-1725,169444,148000,375,0,53,COMPLIANT,0,,,0,0,62,0.75,5.5,6.6,5803,1.9,3.3,2.9,5.5,70,77,45,MEDIUM,0,53
2026-01-01,Thursday,2025-12-29,2026-01,false,6f168c2c-529c-4ec8-9932-90d1b493cf87,85000,1119,83881,2100,-981,253325,148000,1119,0,21,COMPLIANT,2.6,3,63,3,2,37,0.5,5.3,7.7,10801,1.6,4.3,2.3,4.9,61,85,29,LOW,0,60
2026-01-02,Friday,2025-12-29,2026-01,false,6f168c2c-529c-4ec8-9932-90d1b493cf87,0,22375,-22375,2100,20275,230950,148000,22375,0,42,COMPLIANT,2.1,5,97,4,4,5,0.75,5.8,7.4,10712,2.1,3.4,2.1,5.6,84,90,24,LOW,1,91
2026-01-03,Saturday,2025-12-29,2026-01,true,6f168c2c-529c-4ec8-9932-90d1b493cf87,0,1300,-1300,2600,-1300,229650,148000,412,888,33,COMPLIANT,0,,,0,0,62,0.5,5.7,7.9,10444,2.1,3.6,2.1,7,87,77,42,MEDIUM,0,45
2026-01-04,Sunday,2025-12-29,2026-01,true,6f168c2c-529c-4ec8-9932-90d1b493cf87,0,1029,-1029,2600,-1571,228621,148000,0,1029,34,COMPLIANT,1.9,4,79,6,5,22,0.6,5.2,8.1,4445,2.2,3.8,2.8,6,89,87,28,LOW,0,74
2026-01-05,Monday,2026-01-05,2026-01,false,6f168c2c-529c-4ec8-9932-90d1b493cf87,0,4642,-4642,2100,2542,223979,148000,4642,0,46,COMPLIANT,1.2,3,61,5,4,45,0.75,5.5,6.8,10183,1.9,3.4,3.1,5.7,59,82,37,LOW,0,70
2026-01-06,Tuesday,2026-01-05,2026-01,false,6f168c2c-529c-4ec8-9932-90d1b493cf87,0,0,0,2100,-2100,223979,148000,0,0,36,COMPLIANT,2.3,4,83,5,5,17,1,6.2,7.6,8277,2,4.4,2.3,6.1,66,94,21,LOW,0,92
2026-01-07,Wednesday,2026-01-05,2026-01,false,6f168c2c-529c-4ec8-9932-90d1b493cf87,0,1494,-1494,2100,-606,222485,148000,1494,0,37,COMPLIANT,0,,,0,0,62,0.75,6.5,7,4862,1.7,4.1,2.1,5.5,66,81,39,MEDIUM,0,53
2026-01-08,Thursday,2026-01-05,2026-01,false,6f168c2c-529c-4ec8-9932-90d1b493cf87,0,1031,-1031,2100,-1069,221454,148000,232,799,37,COMPLIANT,2.4,3,62,2,2,38,0.5,5,7.5,4210,1.6,3.4,2.7,5.4,69,81,36,LOW,0,68
2026-01-09,Friday,2026-01-05,2026-01,false,6f168c2c-529c-4ec8-9932-90d1b493cf87,0,1512,-1512,2100,-588,219942,148000,1512,0,38,COMPLIANT,1.4,5,93,6,6,12,0.5,4.7,7.5,6368,1.7,3.7,2.3,5.2,71,86,28,LOW,0,82
2026-01-10,Saturday,2026-01-05,2026-01,true,6f168c2c-529c-4ec8-9932-90d1b493cf87,0,8000,-8000,2600,5400,211942,140000,8000,0,53,COMPLIANT,0,,,0,0,62,0.75,5.2,7.9,11089,2,3.4,3.3,6.2,76,76,46,MEDIUM,0,53
2026-01-11,Sunday,2026-01-05,2026-01,true,6f168c2c-529c-4ec8-9932-90d1b493cf87,0,1215,-1215,2600,-1385,210727,140000,371,844,43,COMPLIANT,0,,,0,0,62,1,6,8.1,7118,2.1,3.9,2.7,6,76,83,38,MEDIUM,0,60
2026-01-12,Monday,2026-01-12,2026-01,false,6f168c2c-529c-4ec8-9932-90d1b493cf87,0,3068,-3068,2100,968,207659,140000,3068,0,45,COMPLIANT,0,,,0,0,62,0.25,4.2,7.1,6906,1.5,4.1,3.2,5.2,40,69,51,MEDIUM,1,38
2026-01-13,Tuesday,2026-01-12,2026-01,false,6f168c2c-529c-4ec8-9932-90d1b493cf87,0,1131,-1131,2100,-969,206528,140000,1131,0,45,COMPLIANT,0,,,0,0,62,1,4.8,7.5,8414,2.2,4.3,2.1,5.3,60,83,38,MEDIUM,0,60
2026-01-14,Wednesday,2026-01-12,2026-01,false,6f168c2c-529c-4ec8-9932-90d1b493cf87,0,364,-364,2100,-1736,206164,140000,364,0,46,COMPLIANT,0,,,0,0,62,0.75,5.2,7.5,5393,1.8,4,2.2,5.2,44,79,42,MEDIUM,0,53
2026-01-15,Thursday,2026-01-12,2026-01,false,6f168c2c-529c-4ec8-9932-90d1b493cf87,0,261,-261,2100,-1839,205903,140000,261,0,46,COMPLIANT,2.3,3,62,6,5,38,0.5,4.2,6.6,9419,2.1,3.7,2.1,5.7,65,79,39,MEDIUM,0,64
2026-01-16,Friday,2026-01-12,2026-01,false,6f168c2c-529c-4ec8-9932-90d1b493cf87,0,523,-523,2100,-1577,205380,140000,523,0,46,COMPLIANT,2.4,4,81,6,5,19,0.75,4.5,7.3,9124,1.7,3.4,2.6,5,56,87,30,LOW,0,80
2026-01-17,Saturday,2026-01-12,2026-01,true,6f168c2c-529c-4ec8-9932-90d1b493cf87,0,0,0,2600,-2600,205380,140000,0,0,46,COMPLIANT,0,,,0,0,62,0.5,4.2,7.8,4687,1.9,3.5,2.5,7,73,73,48,MEDIUM,0,45
2026-01-18,Sunday,2026-01-12,2026-01,true,6f168c2c-529c-4ec8-9932-90d1b493cf87,7569,1594,5975,2600,-1006,211355,140000,528,1066,45,COMPLIANT,1.6,4,79,5,4,24,0.8,4.3,7.3,4674,2.1,3.8,2.2,5.6,74,88,29,LOW,0,80
2026-01-19,Monday,2026-01-19,2026-01,false,6f168c2c-529c-4ec8-9932-90d1b493cf87,0,184,-184,2100,-1916,211171,140000,184,0,45,COMPLIANT,2.3,4,81,5,5,19,0.75,4.7,6.6,8785,2.1,4,2.2,5.6,62,87,29,LOW,0,84
2026-01-20,Tuesday,2026-01-19,2026-01,false,6f168c2c-529c-4ec8-9932-90d1b493cf87,0,806,-806,2100,-1294,210365,140000,806,0,45,COMPLIANT,1.6,3,60,3,2,43,0.5,4.3,6.8,8006,1.6,3.1,3.3,5.1,67,77,41,MEDIUM,0,59
2026-01-21,Wednesday,2026-01-19,2026-01,false,6f168c2c-529c-4ec8-9932-90d1b493cf87,0,185,-185,2100,-1915,210180,140000,185,0,45,COMPLIANT,1.9,4,78,5,4,23,0.5,4.7,7,4124,1.6,3.1,2.5,5.5,70,82,34,LOW,0,70
2026-01-22,Thursday,2026-01-19,2026-01,false,6f168c2c-529c-4ec8-9932-90d1b493cf87,0,1023,-1023,2100,-1077,209157,140000,1023,0,46,COMPLIANT,2.6,4,82,2,2,18,0.75,4.8,7.5,4723,1.8,3.4,2.6,5.7,74,87,29,LOW,0,84
2026-01-23,Friday,2026-01-19,2026-01,false,6f168c2c-529c-4ec8-9932-90d1b493cf87,0,0,0,2100,-2100,209157,140000,0,0,46,COMPLIANT,1.2,3,61,5,4,45,0.75,5,6.8,9963,2.2,3.7,2.7,5.2,77,82,37,LOW,0,70
2026-01-24,Saturday,2026-01-19,2026-01,true,6f168c2c-529c-4ec8-9932-90d1b493cf87,0,0,0,2600,-2600,209157,140000,0,0,46,COMPLIANT,0,,,0,0,62,0.75,5.2,7.4,8222,2.1,3.8,3.3,5.6,82,78,43,MEDIUM,0,53
2026-01-25,Sunday,2026-01-19,2026-01,true,6f168c2c-529c-4ec8-9932-90d1b493cf87,0,2093,-2093,2600,-507,207064,140000,684,1409,47,COMPLIANT,0,,,0,0,62,0.8,5.8,7.7,6662,2.2,4.2,3,6.5,82,79,42,MEDIUM,0,54
2026-01-26,Monday,2026-01-26,2026-01,false,6f168c2c-529c-4ec8-9932-90d1b493cf87,0,1509,-1509,2100,-591,205555,140000,1509,0,47,COMPLIANT,1.3,4,80,6,5,26,1,6.5,6.8,9945,2.1,3.5,2.3,5.7,61,90,28,LOW,0,87
2026-01-27,Tuesday,2026-01-26,2026-01,false,6f168c2c-529c-4ec8-9932-90d1b493cf87,0,374,-374,2100,-1726,205181,140000,374,0,48,COMPLIANT,3.1,3,64,6,5,36,0.5,4.7,6.6,7256,1.7,3.2,3.1,5.6,47,78,40,MEDIUM,0,65
2026-01-28,Wednesday,2026-01-26,2026-01,false,6f168c2c-529c-4ec8-9932-90d1b493cf87,0,377,-377,2100,-1723,204804,140000,377,0,48,COMPLIANT,0,,,0,0,62,0.5,4.2,6.9,5457,1.9,3,3,5.3,65,73,47,MEDIUM,0,45
2026-01-29,Thursday,2026-01-26,2026-01,false,6f168c2c-529c-4ec8-9932-90d1b493cf87,0,1037,-1037,2100,-1063,203767,140000,1037,0,48,COMPLIANT,2.1,4,80,5,4,20,0.75,4.2,6.7,10491,2,3.9,2.9,5.4,69,86,31,LOW,0,79
2026-01-30,Friday,2026-01-26,2026-01,false,6f168c2c-529c-4ec8-9932-90d1b493cf87,0,3332,-3332,2100,1232,200435,140000,2320,1012,50,COMPLIANT,1.6,3,64,4,3,39,1,4.8,6.5,10531,2.1,3.7,2.5,5.5,75,86,34,LOW,0,78
2026-01-31,Saturday,2026-01-26,2026-01,true,6f168c2c-529c-4ec8-9932-90d1b493cf87,0,2876,-2876,2600,276,197559,140000,277,2599,51,COMPLIANT,0,,,0,0,62,0.5,4.7,8,4886,2.1,3.7,2.2,6.9,75,72,50,MEDIUM,0,45
2026-02-01,Sunday,2026-01-26,2026-02,true,6f168c2c-529c-4ec8-9932-90d1b493cf87,85000,0,85000,2600,-2600,282559,140000,0,0,20,COMPLIANT,2.3,5,97,4,4,5,0.6,4,7,5601,2,3.8,2.1,6.7,62,93,18,LOW,0,87
2026-02-02,Monday,2026-02-02,2026-02,false,6f168c2c-529c-4ec8-9932-90d1b493cf87,0,22860,-22860,2100,20760,259699,140000,22860,0,42,COMPLIANT,0,,,0,0,62,0.75,4.5,7.2,8078,2,3.2,2.7,5.1,60,79,41,MEDIUM,1,53
2026-02-03,Tuesday,2026-02-02,2026-02,false,6f168c2c-529c-4ec8-9932-90d1b493cf87,0,624,-624,2100,-1476,259075,140000,624,0,32,COMPLIANT,2,4,80,3,3,20,0.75,5,7.2,10657,1.7,4.2,2.9,5.8,66,90,24,LOW,0,84
2026-02-04,Wednesday,2026-02-02,2026-02,false,6f168c2c-529c-4ec8-9932-90d1b493cf87,0,336,-336,2100,-1764,258739,140000,336,0,33,COMPLIANT,2.1,5,97,6,6,5,0.75,5.5,7.6,4075,1.7,3.7,2.3,4.7,68,93,20,LOW,0,91
2026-02-05,Thursday,2026-02-02,2026-02,false,6f168c2c-529c-4ec8-9932-90d1b493cf87,0,3594,-3594,2100,1494,255145,140000,3594,0,35,COMPLIANT,0,,,0,0,62,0.75,5.3,6.9,10876,1.8,3.2,2.2,4.7,71,81,38,MEDIUM,0,53
2026-02-06,Friday,2026-02-02,2026-02,false,6f168c2c-529c-4ec8-9932-90d1b493cf87,0,169,-169,2100,-1931,254976,140000,169,0,35,COMPLIANT,1.9,5,97,3,3,5,0.75,5.8,7.7,9665,1.8,4.4,2.1,4.7,77,92,21,LOW,0,91
2026-02-07,Saturday,2026-02-02,2026-02,true,6f168c2c-529c-4ec8-9932-90d1b493cf87,0,2223,-2223,2600,-377,252753,140000,899,1324,36,COMPLIANT,0,,,0,0,62,0.5,5.5,7.6,7044,1.6,3.6,2.4,6.8,77,76,43,MEDIUM,0,45
2026-02-08,Sunday,2026-02-02,2026-02,true,6f168c2c-529c-4ec8-9932-90d1b493cf87,0,799,-799,2600,-1801,251954,140000,0,799,36,COMPLIANT,0,,,0,0,62,0.6,5.5,7.8,6556,2.1,4.5,2.2,6.3,77,78,41,MEDIUM,0,48
2026-02-09,Monday,2026-02-09,2026-02,false,6f168c2c-529c-4ec8-9932-90d1b493cf87,0,1101,-1101,2100,-999,250853,140000,1101,0,37,COMPLIANT,1.7,4,75,4,3,27,0.25,4.5,6.8,4454,1.7,3.4,2.3,5.1,41,78,37,LOW,1,60
2026-02-10,Tuesday,2026-02-09,2026-02,false,6f168c2c-529c-4ec8-9932-90d1b493cf87,0,8127,-8127,2100,6027,242726,132000,8127,0,51,COMPLIANT,3.1,5,100,6,6,5,0.75,4.8,7.6,8961,1.7,4.5,1.9,5.9,67,88,27,LOW,0,93
2026-02-11,Wednesday,2026-02-09,2026-02,false,6f168c2c-529c-4ec8-9932-90d1b493cf87,0,923,-923,2100,-1177,241803,132000,923,0,42,COMPLIANT,0,,,0,0,62,0.75,5.2,7.1,4078,1.8,4,2.8,6.2,67,79,41,MEDIUM,0,53
2026-02-12,Thursday,2026-02-09,2026-02,false,6f168c2c-529c-4ec8-9932-90d1b493cf87,0,290,-290,2100,-1810,241513,132000,290,0,42,COMPLIANT,0,,,0,0,62,0.75,5.5,6.6,7196,1.9,3.2,2.3,5.4,66,79,41,MEDIUM,0,53
2026-02-13,Friday,2026-02-09,2026-02,false,6f168c2c-529c-4ec8-9932-90d1b493cf87,0,995,-995,2100,-1105,240518,132000,995,0,42,COMPLIANT,3,4,85,4,4,15,1,6.2,7.5,10215,1.8,3.7,1.7,5.5,74,93,23,LOW,0,93
2026-02-14,Saturday,2026-02-09,2026-02,true,6f168c2c-529c-4ec8-9932-90d1b493cf87,0,1310,-1310,2600,-1290,239208,132000,755,555,43,COMPLIANT,0,,,0,0,62,0.75,6,7.5,11342,2.1,4.3,1.9,6.4,61,79,41,MEDIUM,0,53
2026-02-15,Sunday,2026-02-09,2026-02,true,6f168c2c-529c-4ec8-9932-90d1b493cf87,0,1253,-1253,2600,-1347,237955,132000,0,1253,44,COMPLIANT,0,,,0,0,62,0.6,5.8,8.1,5985,1.9,4.3,2.3,6.4,61,76,44,MEDIUM,0,48
2026-02-16,Monday,2026-02-16,2026-02,false,6f168c2c-529c-4ec8-9932-90d1b493cf87,0,102,-102,2100,-1998,237853,132000,102,0,44,COMPLIANT,1.1,4,79,4,4,28,1,6.5,6.8,10818,1.8,4,2.7,5.7,62,90,28,LOW,0,91
2026-02-17,Tuesday,2026-02-16,2026-02,false,6f168c2c-529c-4ec8-9932-90d1b493cf87,0,229,-229,2100,-1871,237624,132000,229,0,44,COMPLIANT,0,,,0,0,62,1,7.2,7.6,8236,2.2,4.1,2.3,5.8,66,83,38,MEDIUM,0,60
2026-02-18,Wednesday,2026-02-16,2026-02,false,6f168c2c-529c-4ec8-9932-90d1b493cf87,0,3274,-3274,2100,1174,234350,132000,1553,1721,46,COMPLIANT,1.9,5,97,4,4,5,0.75,6.5,7.4,4735,2.2,3.8,2,5,69,90,25,LOW,0,91
2026-02-19,Thursday,2026-02-16,2026-02,false,6f168c2c-529c-4ec8-9932-90d1b493cf87,0,1069,-1069,2100,-1031,233281,132000,1069,0,46,COMPLIANT,0,,,0,0,62,1,7.2,7,10402,2,3.5,2.2,4.7,71,83,39,MEDIUM,0,60
2026-02-20,Friday,2026-02-16,2026-02,false,6f168c2c-529c-4ec8-9932-90d1b493cf87,0,916,-916,2100,-1184,232365,132000,916,0,47,COMPLIANT,2.4,4,81,3,3,19,0.75,7,7.3,8550,1.9,4,2.8,4.9,61,87,30,LOW,0,84
2026-02-21,Saturday,2026-02-16,2026-02,true,6f168c2c-529c-4ec8-9932-90d1b493cf87,0,1089,-1089,2600,-1511,231276,132000,387,702,47,COMPLIANT,0,,,0,0,62,0.75,7.2,7.3,11303,1.9,3.9,2.2,6.2,81,78,43,MEDIUM,0,53
2026-02-22,Sunday,2026-02-16,2026-02,true,6f168c2c-529c-4ec8-9932-90d1b493cf87,0,744,-744,2600,-1856,230532,132000,0,744,48,COMPLIANT,2.2,4,83,6,5,17,1,8,7.3,6678,2.2,3.6,1.9,6.1,84,91,26,LOW,0,88
2026-02-23,Monday,2026-02-23,2026-02,false,6f168c2c-529c-4ec8-9932-90d1b493cf87,0,1002,-1002,2100,-1098,229530,132000,1002,0,48,COMPLIANT,0,,,0,0,62,0.75,7.3,6.9,5939,1.7,3.8,2,5.6,58,78,43,MEDIUM,0,53
2026-02-24,Tuesday,2026-02-23,2026-02,false,6f168c2c-529c-4ec8-9932-90d1b493cf87,0,948,-948,2100,-1152,228582,132000,948,0,49,COMPLIANT,2.8,4,84,2,2,16,1,8,7.3,8461,1.7,4.4,1.9,4.5,65,91,26,LOW,0,93
2026-02-25,Wednesday,2026-02-23,2026-02,false,6f168c2c-529c-4ec8-9932-90d1b493cf87,0,749,-749,2100,-1351,227833,132000,749,0,49,COMPLIANT,0,,,0,0,62,1,8.7,6.9,4057,2.1,3.3,2.7,5.6,64,82,40,MEDIUM,0,60
2026-02-26,Thursday,2026-02-23,2026-02,false,6f168c2c-529c-4ec8-9932-90d1b493cf87,0,1503,-1503,2100,-597,226330,132000,408,1095,50,COMPLIANT,0,,,0,0,62,1,9.3,7.2,10868,2.1,3.4,1.9,5.3,68,82,40,MEDIUM,0,60
2026-02-27,Friday,2026-02-23,2026-02,false,6f168c2c-529c-4ec8-9932-90d1b493cf87,0,350,-350,2100,-1750,225980,132000,350,0,50,COMPLIANT,0,,,0,0,62,0.75,7.3,6.7,9889,2,3.8,2.3,5.6,71,77,44,MEDIUM,0,53
2026-02-28,Saturday,2026-02-23,2026-02,true,6f168c2c-529c-4ec8-9932-90d1b493cf87,0,0,0,2600,-2600,225980,132000,0,0,50,COMPLIANT,0,,,0,0,62,0.5,6,7.2,6771,1.7,4.1,2.2,5.5,55,73,48,MEDIUM,0,45
2026-03-01,Sunday,2026-02-23,2026-03,true,6f168c2c-529c-4ec8-9932-90d1b493cf87,85000,0,85000,2600,-2600,310980,132000,0,0,20,COMPLIANT,0,,,0,0,62,0.4,5,7.3,5002,1.9,3.8,1.9,6.1,55,79,38,MEDIUM,1,42
2026-03-02,Monday,2026-03-02,2026-03,false,6f168c2c-529c-4ec8-9932-90d1b493cf87,0,22928,-22928,2100,20828,288052,132000,22928,0,42,COMPLIANT,0,,,0,0,62,1,5.7,7.6,9009,1.7,3.5,2.3,5.2,62,84,37,LOW,1,60
2026-03-03,Tuesday,2026-03-02,2026-03,false,6f168c2c-529c-4ec8-9932-90d1b493cf87,0,684,-684,2100,-1416,287368,132000,684,0,33,COMPLIANT,2.4,5,98,6,6,5,0.75,6,7.5,9632,1.8,4.1,1.7,4.6,68,93,20,LOW,0,92
2026-03-04,Wednesday,2026-03-02,2026-03,false,6f168c2c-529c-4ec8-9932-90d1b493cf87,0,415,-415,2100,-1685,286953,132000,415,0,33,COMPLIANT,1.8,3,64,6,5,38,1,6.7,6.5,7087,1.8,4.2,2,4.6,68,91,26,LOW,0,80
2026-03-05,Thursday,2026-03-02,2026-03,false,6f168c2c-529c-4ec8-9932-90d1b493cf87,0,4336,-4336,2100,2236,282617,132000,4336,0,45,COMPLIANT,1.9,4,80,6,5,21,0.75,6.7,6.6,9334,2,3.3,1.6,4.7,58,87,30,LOW,0,79
2026-03-06,Friday,2026-03-02,2026-03,false,6f168c2c-529c-4ec8-9932-90d1b493cf87,0,853,-853,2100,-1247,281764,132000,853,0,35,COMPLIANT,2.4,4,81,4,4,19,0.75,6.7,7.3,6465,1.6,4.2,1.5,5,78,90,25,LOW,0,84
2026-03-07,Saturday,2026-03-02,2026-03,true,6f168c2c-529c-4ec8-9932-90d1b493cf87,0,1347,-1347,2600,-1253,280417,132000,899,448,36,COMPLIANT,0,,,0,0,62,0.75,6.7,8,11186,1.7,4.4,2.5,7,82,81,39,MEDIUM,0,53
2026-03-08,Sunday,2026-03-02,2026-03,true,6f168c2c-529c-4ec8-9932-90d1b493cf87,0,1120,-1120,2600,-1480,279297,132000,0,1120,37,COMPLIANT,1.7,5,97,3,3,5,0.8,6.5,7.5,7178,2,3.8,1.8,6.1,83,93,21,LOW,0,93
2026-03-09,Monday,2026-03-09,2026-03,false,6f168c2c-529c-4ec8-9932-90d1b493cf87,0,1272,-1272,2100,-828,278025,132000,1272,0,37,COMPLIANT,1,5,92,6,6,16,0.5,5.5,6.8,8500,1.8,4.2,1.8,4.6,62,85,29,LOW,0,81
2026-03-10,Tuesday,2026-03-09,2026-03,false,6f168c2c-529c-4ec8-9932-90d1b493cf87,0,9006,-9006,2100,6906,269019,124000,9006,0,52,COMPLIANT,1.6,4,79,5,4,24,0.75,5.7,6.7,5497,2.1,4,1.9,4.5,65,84,34,LOW,1,78
2026-03-11,Wednesday,2026-03-09,2026-03,false,6f168c2c-529c-4ec8-9932-90d1b493cf87,0,0,0,2100,-2100,269019,124000,0,0,42,COMPLIANT,1.5,5,96,3,3,8,0.75,6,7.7,6590,1.7,3.5,1.6,4.8,68,90,25,LOW,0,91
2026-03-12,Thursday,2026-03-09,2026-03,false,6f168c2c-529c-4ec8-9932-90d1b493cf87,0,1019,-1019,2100,-1081,268000,124000,1019,0,43,COMPLIANT,2.2,3,66,3,2,34,1,6.7,7,10772,2.1,3.1,2.6,5.8,73,89,29,LOW,0,76
2026-03-13,Friday,2026-03-09,2026-03,false,6f168c2c-529c-4ec8-9932-90d1b493cf87,0,925,-925,2100,-1175,267075,124000,925,0,43,COMPLIANT,3,3,68,3,2,32,1,7.3,6.8,9980,2.2,3.4,1.9,4.5,80,90,28,LOW,0,77
2026-03-14,Saturday,2026-03-09,2026-03,true,6f168c2c-529c-4ec8-9932-90d1b493cf87,0,0,0,2600,-2600,267075,124000,0,0,43,COMPLIANT,0,,,0,0,62,0.75,7.5,7.7,4401,1.7,3.4,2.4,5.9,81,79,41,MEDIUM,0,53
2026-03-15,Sunday,2026-03-09,2026-03,true,6f168c2c-529c-4ec8-9932-90d1b493cf87,0,465,-465,2600,-2135,266610,124000,465,0,43,COMPLIANT,1.5,5,93,4,4,11,0.4,1,7.1,7187,2,4.3,1.7,5.7,66,82,32,LOW,1,79
2026-03-16,Monday,2026-03-16,2026-03,false,6f168c2c-529c-4ec8-9932-90d1b493cf87,0,1186,-1186,2100,-914,265424,124000,1186,0,44,COMPLIANT,2.3,4,79,5,4,21,0.5,1.3,7.2,5454,2,4.2,2.2,5.1,46,83,33,LOW,0,71
2026-03-17,Tuesday,2026-03-16,2026-03,false,6f168c2c-529c-4ec8-9932-90d1b493cf87,0,128,-128,2100,-1972,265296,124000,128,0,44,COMPLIANT,2.6,4,82,2,2,18,0.75,1.7,7,11055,2,3.7,1.6,5.9,68,88,28,LOW,0,84
2026-03-18,Wednesday,2026-03-16,2026-03,false,6f168c2c-529c-4ec8-9932-90d1b493cf87,8408,400,8008,2100,-1700,273304,124000,400,0,42,COMPLIANT,2.5,4,82,5,5,18,0.75,1.2,7.3,4437,1.9,4.3,1.9,5.4,71,88,28,LOW,0,84
2026-03-19,Thursday,2026-03-16,2026-03,false,6f168c2c-529c-4ec8-9932-90d1b493cf87,0,1017,-1017,2100,-1083,272287,124000,1017,0,43,COMPLIANT,0,,,0,0,62,0.75,1.3,7.1,10492,2.1,4.3,2.2,4.7,58,79,41,MEDIUM,0,53
2026-03-20,Friday,2026-03-16,2026-03,false,6f168c2c-529c-4ec8-9932-90d1b493cf87,0,1334,-1334,2100,-766,270953,124000,1334,0,43,COMPLIANT,1.8,4,77,6,5,25,0.5,1.2,6.7,7131,1.9,3.8,1.6,4.5,76,82,34,LOW,0,70
2026-03-21,Saturday,2026-03-16,2026-03,true,6f168c2c-529c-4ec8-9932-90d1b493cf87,0,851,-851,2600,-1749,270102,124000,0,851,44,COMPLIANT,0,,,0,0,62,0.5,1,7.9,8025,1.7,4.1,1.4,5.7,81,74,46,MEDIUM,0,45
2026-03-22,Sunday,2026-03-16,2026-03,true,6f168c2c-529c-4ec8-9932-90d1b493cf87,0,0,0,2600,-2600,270102,124000,0,0,44,COMPLIANT,3.1,4,84,4,4,16,0.8,1.2,7.9,7128,2.1,3.5,2.1,6.3,84,89,27,LOW,0,87
2026-03-23,Monday,2026-03-23,2026-03,false,6f168c2c-529c-4ec8-9932-90d1b493cf87,0,1180,-1180,2100,-920,268922,124000,1180,0,44,COMPLIANT,2.9,4,85,2,2,15,1,1.8,6.6,8104,2,3.4,2.4,5.2,65,92,24,LOW,0,93
2026-03-24,Tuesday,2026-03-23,2026-03,false,6f168c2c-529c-4ec8-9932-90d1b493cf87,0,94,-94,2100,-2006,268828,124000,94,0,44,COMPLIANT,2,4,80,2,2,20,0.75,2,7.1,10609,2.1,3.7,2.3,4.8,72,87,29,LOW,0,84
2026-03-25,Wednesday,2026-03-23,2026-03,false,6f168c2c-529c-4ec8-9932-90d1b493cf87,0,247,-247,2100,-1853,268581,124000,247,0,44,COMPLIANT,3.1,4,83,3,3,17,0.75,2.5,7.5,4801,2,4.5,1.6,4.8,76,88,28,LOW,0,85
2026-03-26,Thursday,2026-03-23,2026-03,false,6f168c2c-529c-4ec8-9932-90d1b493cf87,0,1976,-1976,2100,-124,266605,124000,1976,0,45,COMPLIANT,0,,,0,0,62,0.75,2.5,6.7,6715,2,4.2,1.7,5.5,75,79,42,MEDIUM,0,53
2026-03-27,Friday,2026-03-23,2026-03,false,6f168c2c-529c-4ec8-9932-90d1b493cf87,0,394,-394,2100,-1706,266211,124000,394,0,46,COMPLIANT,0,,,0,0,62,0.75,2.7,7.5,10972,2.1,4.4,1.9,4.7,79,79,42,MEDIUM,0,53
2026-03-28,Saturday,2026-03-23,2026-03,true,6f168c2c-529c-4ec8-9932-90d1b493cf87,0,0,0,2600,-2600,266211,124000,0,0,46,COMPLIANT,0,,,0,0,62,0.5,2,7.8,10051,1.8,4,2.7,6.3,83,73,47,MEDIUM,0,45
2026-03-29,Sunday,2026-03-23,2026-03,true,6f168c2c-529c-4ec8-9932-90d1b493cf87,0,933,-933,2600,-1667,265278,124000,933,0,46,COMPLIANT,2,4,82,5,5,18,1,2.8,7.6,4233,2,3.7,2.7,6.7,85,91,26,LOW,0,92
2026-03-30,Monday,2026-03-30,2026-03,false,6f168c2c-529c-4ec8-9932-90d1b493cf87,0,383,-383,2100,-1717,264895,124000,383,0,46,COMPLIANT,0,,,0,0,62,0.5,1.3,6.9,8434,1.6,4.2,2.2,4.7,46,73,47,MEDIUM,0,45
2026-03-31,Tuesday,2026-03-30,2026-03,false,6f168c2c-529c-4ec8-9932-90d1b493cf87,0,402,-402,2100,-1698,264493,124000,402,0,46,COMPLIANT,2.4,4,81,3,3,19,0.75,1.5,7.4,8560,1.7,4.3,2,5.1,69,87,30,LOW,0,84
2026-04-01,Wednesday,2026-03-30,2026-04,false,6f168c2c-529c-4ec8-9932-90d1b493cf87,88000,147,87853,2100,-1953,352346,124000,147,0,20,COMPLIANT,3,4,83,5,5,17,0.75,1.8,6.5,3875,1.7,3.7,2.2,4.9,55,94,18,LOW,0,85
2026-04-02,Thursday,2026-03-30,2026-04,false,6f168c2c-529c-4ec8-9932-90d1b493cf87,0,22229,-22229,2100,20129,330117,124000,22229,0,41,COMPLIANT,1.3,3,61,5,4,45,0.75,2,7,11100,2.1,3.9,1.7,5,77,83,35,LOW,1,70
2026-04-03,Friday,2026-03-30,2026-04,false,6f168c2c-529c-4ec8-9932-90d1b493cf87,0,1259,-1259,2100,-841,328858,124000,1259,0,32,COMPLIANT,1.8,4,77,5,4,25,0.5,1.5,7.6,6991,1.9,4.1,2.4,5.5,80,85,30,LOW,0,70
2026-04-04,Saturday,2026-03-30,2026-04,true,6f168c2c-529c-4ec8-9932-90d1b493cf87,0,3729,-3729,2600,1129,325129,124000,0,3729,34,COMPLIANT,0,,,0,0,62,0.5,1.3,7.1,11219,1.9,4.1,2.3,5.5,83,77,42,MEDIUM,0,45
2026-04-05,Sunday,2026-03-30,2026-04,true,6f168c2c-529c-4ec8-9932-90d1b493cf87,0,4188,-4188,2600,1588,320941,124000,4188,0,36,COMPLIANT,0,,,0,0,62,1,2.2,7.7,7053,2.3,4.3,1.7,5.5,83,85,35,LOW,0,60
2026-04-06,Monday,2026-04-06,2026-04,false,6f168c2c-529c-4ec8-9932-90d1b493cf87,0,342,-342,2100,-1758,320599,124000,342,0,36,COMPLIANT,2.3,3,64,4,3,36,0.75,2.5,7.1,4737,1.9,3.6,2.5,4.7,62,87,30,LOW,0,70
2026-04-07,Tuesday,2026-04-06,2026-04,false,6f168c2c-529c-4ec8-9932-90d1b493cf87,0,1066,-1066,2100,-1034,319533,124000,1066,0,37,COMPLIANT,1.7,4,81,4,4,21,1,3.2,7.5,11288,2.2,3.5,2.6,4.9,68,93,23,LOW,0,91
2026-04-08,Wednesday,2026-04-06,2026-04,false,6f168c2c-529c-4ec8-9932-90d1b493cf87,0,1100,-1100,2100,-1000,318433,124000,301,799,37,COMPLIANT,1.8,4,79,4,4,23,0.75,3.2,6.5,7248,1.8,4,2,5.4,67,88,27,LOW,0,83
2026-04-09,Thursday,2026-04-06,2026-04,false,6f168c2c-529c-4ec8-9932-90d1b493cf87,0,257,-257,2100,-1843,318176,124000,257,0,38,COMPLIANT,2.7,3,63,6,5,37,0.5,3.3,7,6408,1.9,3.8,2.5,4.9,73,81,36,LOW,0,64
2026-04-10,Friday,2026-04-06,2026-04,false,6f168c2c-529c-4ec8-9932-90d1b493cf87,0,9097,-9097,2100,6997,309079,116000,8000,1097,52,COMPLIANT,3.2,3,69,5,4,31,1,4,7.2,9271,2.2,3.6,3,6,82,87,32,LOW,1,81
2026-04-11,Saturday,2026-04-06,2026-04,true,6f168c2c-529c-4ec8-9932-90d1b493cf87,0,0,0,2600,-2600,309079,116000,0,0,42,COMPLIANT,0,,,0,0,62,1,4.7,7.7,10977,1.8,3.8,3.1,5.9,85,84,37,LOW,0,60
2026-04-12,Sunday,2026-04-06,2026-04,true,6f168c2c-529c-4ec8-9932-90d1b493cf87,0,3684,-3684,2600,1084,305395,116000,1080,2604,44,COMPLIANT,3.2,4,84,6,6,16,0.8,4.2,7.7,6325,2.2,4.1,2,5.5,88,89,27,LOW,0,87
2026-04-13,Monday,2026-04-13,2026-04,false,6f168c2c-529c-4ec8-9932-90d1b493cf87,0,269,-269,2100,-1831,305126,116000,269,0,44,COMPLIANT,3.1,4,85,6,6,15,1,4.8,7.5,9672,2.1,4.4,1.8,4.5,68,92,24,LOW,0,93
2026-04-14,Tuesday,2026-04-13,2026-04,false,6f168c2c-529c-4ec8-9932-90d1b493cf87,0,272,-272,2100,-1828,304854,116000,272,0,44,COMPLIANT,0,,,0,0,62,1,5.5,6.9,9719,1.9,3.7,3,6.1,71,83,38,MEDIUM,0,60
2026-04-15,Wednesday,2026-04-13,2026-04,false,6f168c2c-529c-4ec8-9932-90d1b493cf87,0,199,-199,2100,-1901,304655,116000,199,0,44,COMPLIANT,0,,,0,0,62,0.25,2.3,7.4,7106,1.7,3.7,2.6,6.1,55,70,50,MEDIUM,1,38
2026-04-16,Thursday,2026-04-13,2026-04,false,6f168c2c-529c-4ec8-9932-90d1b493cf87,0,301,-301,2100,-1799,304354,116000,301,0,45,COMPLIANT,2.9,4,81,3,3,19,0.5,2,6.6,6486,1.7,3.9,2.1,5.7,57,83,33,LOW,0,76
2026-04-17,Friday,2026-04-13,2026-04,false,6f168c2c-529c-4ec8-9932-90d1b493cf87,0,1154,-1154,2100,-946,303200,116000,1154,0,45,COMPLIANT,3,3,64,4,3,36,0.5,2.2,6.9,6749,1.7,3.9,3,5.2,76,79,38,MEDIUM,0,63
2026-04-18,Saturday,2026-04-13,2026-04,true,6f168c2c-529c-4ec8-9932-90d1b493cf87,0,0,0,2600,-2600,303200,116000,0,0,45,COMPLIANT,0,,,0,0,62,1,2.8,8,10827,2.2,3.3,3,6.1,82,83,38,MEDIUM,0,60
2026-04-19,Sunday,2026-04-13,2026-04,true,6f168c2c-529c-4ec8-9932-90d1b493cf87,0,0,0,2600,-2600,303200,116000,0,0,45,COMPLIANT,0,,,0,0,62,1,3.7,7.4,3824,2.2,3.7,2.9,5.6,82,83,38,MEDIUM,0,60
2026-04-20,Monday,2026-04-20,2026-04,false,6f168c2c-529c-4ec8-9932-90d1b493cf87,0,0,0,2100,-2100,303200,116000,0,0,45,COMPLIANT,1.8,4,81,6,5,21,1,4.3,7.1,8034,1.7,3.3,2.4,5,66,91,26,LOW,0,87
2026-04-21,Tuesday,2026-04-20,2026-04,false,6f168c2c-529c-4ec8-9932-90d1b493cf87,0,2038,-2038,2100,-62,301162,116000,2038,0,46,COMPLIANT,1.5,5,96,2,2,8,0.75,4.5,7.6,6798,1.9,4.3,2.4,5.5,68,89,26,LOW,0,91
2026-04-22,Wednesday,2026-04-20,2026-04,false,6f168c2c-529c-4ec8-9932-90d1b493cf87,0,325,-325,2100,-1775,300837,116000,325,0,46,COMPLIANT,3.1,4,81,2,2,19,0.5,2.7,7.5,5265,1.9,4.1,3.1,5.7,72,82,34,LOW,0,76
2026-04-23,Thursday,2026-04-20,2026-04,false,6f168c2c-529c-4ec8-9932-90d1b493cf87,0,2490,-2490,2100,390,298347,116000,2490,0,48,COMPLIANT,2.3,4,77,5,4,23,0.25,2,6.7,4912,1.6,3.3,3.1,5.4,74,76,40,MEDIUM,1,62
2026-04-24,Friday,2026-04-20,2026-04,false,6f168c2c-529c-4ec8-9932-90d1b493cf87,0,1568,-1568,2100,-532,296779,116000,350,1218,48,COMPLIANT,1.2,4,80,5,4,26,1,2.7,7.2,11335,2.2,4,2.6,5.9,79,89,29,LOW,0,86
2026-04-25,Saturday,2026-04-20,2026-04,true,6f168c2c-529c-4ec8-9932-90d1b493cf87,0,422,-422,2600,-2178,296357,116000,0,422,49,COMPLIANT,0,,,0,0,62,0.5,2.7,8,8870,1.7,4.5,2.1,5.5,83,73,48,MEDIUM,0,45
2026-04-26,Sunday,2026-04-20,2026-04,true,6f168c2c-529c-4ec8-9932-90d1b493cf87,0,2326,-2326,2600,-274,294031,116000,0,2326,50,COMPLIANT,1.3,4,77,3,3,29,0.6,3.2,7.3,5678,1.7,4,3.1,7,84,80,38,MEDIUM,0,78
2026-04-27,Monday,2026-04-27,2026-04,false,6f168c2c-529c-4ec8-9932-90d1b493cf87,0,1297,-1297,2100,-803,292734,116000,1297,0,51,COMPLIANT,1.7,4,79,5,4,23,0.75,3.7,6.5,9449,2,3.2,2.5,5.2,65,85,33,LOW,0,78
2026-04-28,Tuesday,2026-04-27,2026-04,false,6f168c2c-529c-4ec8-9932-90d1b493cf87,0,597,-597,2100,-1503,292137,116000,597,0,51,COMPLIANT,1.7,4,77,3,3,25,0.5,3.2,7.5,4308,1.8,4,2.5,4.7,68,79,38,MEDIUM,0,75
2026-04-29,Wednesday,2026-04-27,2026-04,false,6f168c2c-529c-4ec8-9932-90d1b493cf87,0,1364,-1364,2100,-736,290773,116000,1364,0,52,COMPLIANT,2.6,3,63,4,3,37,0.5,3.5,7.5,5471,1.8,3.6,2.8,4.9,72,77,42,MEDIUM,0,62
2026-04-30,Thursday,2026-04-27,2026-04,false,6f168c2c-529c-4ec8-9932-90d1b493cf87,0,846,-846,2100,-1254,289927,116000,846,0,52,COMPLIANT,2.9,4,83,2,2,17,0.75,4,7,8273,1.7,3.7,2.3,4.9,78,86,31,LOW,0,85
2026-05-01,Friday,2026-04-27,2026-05,false,6f168c2c-529c-4ec8-9932-90d1b493cf87,88000,223,87777,2100,-1877,377704,116000,223,0,20,COMPLIANT,1.3,4,78,2,2,28,0.75,4.5,7.2,8697,1.9,3.9,3.3,5.9,83,92,22,LOW,0,83
2026-05-02,Saturday,2026-04-27,2026-05,true,6f168c2c-529c-4ec8-9932-90d1b493cf87,0,24243,-24243,2600,21643,353461,116000,22653,1590,43,COMPLIANT,0,,,0,0,62,0.75,5,7.4,10837,1.8,4.2,2.2,5.4,87,79,41,MEDIUM,1,53
2026-05-03,Sunday,2026-04-27,2026-05,true,6f168c2c-529c-4ec8-9932-90d1b493cf87,0,1157,-1157,2600,-1443,352304,116000,721,436,33,COMPLIANT,2.3,4,81,3,3,19,0.8,3,7.8,5092,1.8,3.5,3.1,6.2,73,91,23,LOW,0,85
2026-05-04,Monday,2026-05-04,2026-05,false,6f168c2c-529c-4ec8-9932-90d1b493cf87,0,331,-331,2100,-1769,351973,116000,331,0,33,COMPLIANT,0,,,0,0,62,0.5,2.3,7.7,8647,1.6,4.1,2.5,6,48,77,41,MEDIUM,0,45
2026-05-05,Tuesday,2026-05-04,2026-05,false,6f168c2c-529c-4ec8-9932-90d1b493cf87,0,3109,-3109,2100,1009,348864,116000,3109,0,35,COMPLIANT,3,4,85,5,5,15,1,3,7,8925,1.9,3.4,2.2,4.8,71,95,20,LOW,0,93
2026-05-06,Wednesday,2026-05-04,2026-05,false,6f168c2c-529c-4ec8-9932-90d1b493cf87,0,1127,-1127,2100,-973,347737,116000,1127,0,35,COMPLIANT,2.5,4,82,2,2,18,0.75,3,6.9,7040,1.6,3,3.1,5.9,74,90,25,LOW,0,84
2026-05-07,Thursday,2026-05-04,2026-05,false,6f168c2c-529c-4ec8-9932-90d1b493cf87,0,2610,-2610,2100,510,345127,116000,1662,948,37,COMPLIANT,2.8,4,80,5,4,20,0.5,2.7,6.8,9298,2.1,3.3,3,5.8,63,85,30,LOW,0,71
2026-05-08,Friday,2026-05-04,2026-05,false,6f168c2c-529c-4ec8-9932-90d1b493cf87,0,1541,-1541,2100,-559,343586,116000,742,799,38,COMPLIANT,0,,,0,0,62,0.5,2.8,6.5,10380,1.6,3.3,2.9,5.4,83,76,43,MEDIUM,0,45
2026-05-09,Saturday,2026-05-04,2026-05,true,6f168c2c-529c-4ec8-9932-90d1b493cf87,0,1457,-1457,2600,-1143,342129,116000,625,832,38,COMPLIANT,1.5,4,79,5,4,25,0.75,3.3,7,9170,2,3.2,3.6,5.7,89,87,29,LOW,0,78
2026-05-10,Sunday,2026-05-04,2026-05,true,6f168c2c-529c-4ec8-9932-90d1b493cf87,0,8475,-8475,2600,5875,333654,108000,8475,0,53,COMPLIANT,0,,,0,0,77,1,4.2,7.3,6611,1.8,3,3.6,5.9,91,77,47,MEDIUM,1,60
2026-05-11,Monday,2026-05-11,2026-05,false,6f168c2c-529c-4ec8-9932-90d1b493cf87,0,654,-654,2100,-1446,333000,108000,654,0,43,COMPLIANT,1.5,3,62,5,4,42,0.75,4.5,7.2,9930,1.9,4,3.3,5.2,68,83,36,LOW,0,70
2026-05-12,Tuesday,2026-05-11,2026-05,false,6f168c2c-529c-4ec8-9932-90d1b493cf87,0,2243,-2243,2100,143,330757,108000,337,1906,44,COMPLIANT,2,4,80,2,2,20,0.75,5,7.2,11479,1.6,3.2,3.1,5.5,73,87,29,LOW,0,84
2026-05-13,Wednesday,2026-05-11,2026-05,false,6f168c2c-529c-4ec8-9932-90d1b493cf87,0,955,-955,2100,-1145,329802,108000,955,0,45,COMPLIANT,0,,,0,0,77,0.75,4.7,6.9,5186,1.6,3.4,3.7,5.8,56,75,48,MEDIUM,1,53
2026-05-14,Thursday,2026-05-11,2026-05,false,6f168c2c-529c-4ec8-9932-90d1b493cf87,0,897,-897,2100,-1203,328905,108000,897,0,45,COMPLIANT,0,,,0,0,77,0.25,2.2,7.5,4822,2,3.8,3,5.7,73,66,55,MEDIUM,1,38
2026-05-15,Friday,2026-05-11,2026-05,false,6f168c2c-529c-4ec8-9932-90d1b493cf87,0,309,-309,2100,-1791,328596,108000,309,0,45,COMPLIANT,2.1,4,82,6,5,18,1,2.8,6.6,10688,2.1,3,3,5,78,92,25,LOW,0,88
2026-05-16,Saturday,2026-05-11,2026-05,true,6f168c2c-529c-4ec8-9932-90d1b493cf87,0,0,0,2600,-2600,328596,108000,0,0,45,COMPLIANT,0,,,0,0,77,0.75,3.2,7.1,8002,2,3.2,4.1,6.3,82,74,50,MEDIUM,1,53
2026-05-17,Sunday,2026-05-11,2026-05,true,6f168c2c-529c-4ec8-9932-90d1b493cf87,0,0,0,2600,-2600,328596,108000,0,0,45,COMPLIANT,2.2,3,62,2,2,38,0.6,3.3,7.9,5692,2.1,4,3.8,6,85,79,39,MEDIUM,0,71
2026-05-18,Monday,2026-05-18,2026-05,false,6f168c2c-529c-4ec8-9932-90d1b493cf87,9668,104,9564,2100,-1996,338160,108000,104,0,43,COMPLIANT,0,,,0,0,77,1,4,7.4,9130,2.2,3.5,4.1,5.3,66,79,44,MEDIUM,0,60
2026-05-19,Tuesday,2026-05-18,2026-05,false,6f168c2c-529c-4ec8-9932-90d1b493cf87,0,0,0,2100,-2100,338160,108000,0,0,43,COMPLIANT,3.4,3,67,2,2,33,0.75,4,7.3,4635,1.8,3.2,3.8,5.8,70,84,34,LOW,0,78
2026-05-20,Wednesday,2026-05-18,2026-05,false,6f168c2c-529c-4ec8-9932-90d1b493cf87,0,387,-387,2100,-1713,337773,108000,387,0,43,COMPLIANT,4,3,71,2,2,29,1,4.7,7.3,4814,2.1,3.2,2.9,5.5,75,90,28,LOW,0,87
2026-05-21,Thursday,2026-05-18,2026-05,false,6f168c2c-529c-4ec8-9932-90d1b493cf87,0,2289,-2289,2100,189,335484,108000,2289,0,44,COMPLIANT,4,4,88,5,5,12,1,5.3,6.4,11085,2.1,2.7,3.7,5.8,81,92,24,LOW,0,95
2026-05-22,Friday,2026-05-18,2026-05,false,6f168c2c-529c-4ec8-9932-90d1b493cf87,0,1068,-1068,2100,-1032,334416,108000,1068,0,45,COMPLIANT,3.6,4,87,4,4,13,1,6,7.4,8739,2.1,3.3,3.4,5.5,89,92,24,LOW,0,94
2026-05-23,Saturday,2026-05-18,2026-05,true,6f168c2c-529c-4ec8-9932-90d1b493cf87,0,798,-798,2600,-1802,333618,108000,0,798,45,COMPLIANT,1.9,4,80,2,2,21,0.75,6.2,7.2,4786,1.6,3.3,3.2,6.6,89,86,31,LOW,0,84
2026-05-24,Sunday,2026-05-18,2026-05,true,6f168c2c-529c-4ec8-9932-90d1b493cf87,0,754,-754,2600,-1846,332864,108000,754,0,45,COMPLIANT,3.7,4,84,6,6,16,0.6,4,7.5,4194,2.2,3.9,3.3,6.9,73,84,32,LOW,0,81
2026-05-25,Monday,2026-05-25,2026-05,false,6f168c2c-529c-4ec8-9932-90d1b493cf87,0,385,-385,2100,-1715,332479,108000,385,0,45,COMPLIANT,3.5,4,85,6,6,15,0.75,4.5,7.7,8806,1.8,4.3,3,5.3,69,88,28,LOW,0,86
2026-05-26,Tuesday,2026-05-25,2026-05,false,6f168c2c-529c-4ec8-9932-90d1b493cf87,0,306,-306,2100,-1794,332173,108000,306,0,46,COMPLIANT,1.4,4,78,6,5,27,0.75,5,7.3,10074,2.2,3.3,3.8,5.7,75,84,34,LOW,0,78
2026-05-27,Wednesday,2026-05-25,2026-05,false,6f168c2c-529c-4ec8-9932-90d1b493cf87,0,404,-404,2100,-1696,331769,108000,404,0,46,COMPLIANT,3.7,4,85,6,6,15,0.75,5.5,6.7,5711,1.9,3.7,3.3,5.5,78,87,29,LOW,0,86
2026-05-28,Thursday,2026-05-25,2026-05,false,6f168c2c-529c-4ec8-9932-90d1b493cf87,0,183,-183,2100,-1917,331586,108000,183,0,46,COMPLIANT,0,,,0,0,77,0.75,4.3,6.7,10771,2.1,3.7,3.6,5.4,82,75,48,MEDIUM,1,53
2026-05-29,Friday,2026-05-25,2026-05,false,6f168c2c-529c-4ec8-9932-90d1b493cf87,0,195,-195,2100,-1905,331391,108000,195,0,46,COMPLIANT,0,,,0,0,77,1,5,6.6,9743,2.2,3.7,3.1,4.9,85,80,43,MEDIUM,0,60
2026-05-30,Saturday,2026-05-25,2026-05,true,6f168c2c-529c-4ec8-9932-90d1b493cf87,0,428,-428,2600,-2172,330963,108000,0,428,46,COMPLIANT,3.1,3,64,3,2,36,0.5,4.5,6.9,6497,2,3.4,3.7,6.2,89,77,41,MEDIUM,0,60
2026-05-31,Sunday,2026-05-25,2026-05,true,6f168c2c-529c-4ec8-9932-90d1b493cf87,0,2244,-2244,2600,-356,328719,108000,459,1785,47,COMPLIANT,1.7,3,64,4,3,38,1,5.3,7.9,4505,1.9,4.2,2.7,5.6,92,87,32,LOW,0,78
2026-06-01,Monday,2026-06-01,2026-06,false,6f168c2c-529c-4ec8-9932-90d1b493cf87,88000,1219,86781,2100,-881,415500,108000,404,815,21,COMPLIANT,0,,,0,0,77,0.75,4.7,7.1,9110,2.1,3.4,2.8,5.4,49,83,36,LOW,0,53
2026-06-02,Tuesday,2026-06-01,2026-06,false,6f168c2c-529c-4ec8-9932-90d1b493cf87,0,22216,-22216,2100,20116,393284,108000,22216,0,42,COMPLIANT,1.3,4,78,3,3,28,0.75,5,6.7,6398,2,3.3,3,5.8,66,86,31,LOW,1,83
2026-06-03,Wednesday,2026-06-01,2026-06,false,6f168c2c-529c-4ec8-9932-90d1b493cf87,0,824,-824,2100,-1276,392460,108000,824,0,32,COMPLIANT,1,4,75,2,2,33,0.5,3.3,6.5,6201,2,3.1,3.2,6.1,67,83,33,LOW,0,74
2026-06-04,Thursday,2026-06-01,2026-06,false,6f168c2c-529c-4ec8-9932-90d1b493cf87,0,0,0,2100,-2100,392460,108000,0,0,32,COMPLIANT,0,,,0,0,77,1,4,7.1,11354,2.2,3.3,3,5.6,72,84,37,LOW,0,60
2026-06-05,Friday,2026-06-01,2026-06,false,6f168c2c-529c-4ec8-9932-90d1b493cf87,0,5425,-5425,2100,3325,387035,108000,4967,458,45,COMPLIANT,3.4,3,67,2,2,33,0.75,3.2,6.5,8265,1.8,3.6,2.9,6.1,78,85,33,LOW,0,78
2026-06-06,Saturday,2026-06-01,2026-06,true,6f168c2c-529c-4ec8-9932-90d1b493cf87,0,0,0,2600,-2600,387035,108000,0,0,35,COMPLIANT,2.6,3,67,4,3,33,1,3.8,7.2,9922,1.7,3.4,3,5.5,86,92,25,LOW,0,79
2026-06-07,Sunday,2026-06-01,2026-06,true,6f168c2c-529c-4ec8-9932-90d1b493cf87,0,899,-899,2600,-1701,386136,108000,899,0,36,COMPLIANT,2.6,5,98,3,3,5,0.6,2.3,7.7,5379,1.7,3.3,2.8,6.6,89,89,24,LOW,0,87
2026-06-08,Monday,2026-06-08,2026-06,false,6f168c2c-529c-4ec8-9932-90d1b493cf87,0,1501,-1501,2100,-599,384635,108000,702,799,36,COMPLIANT,0,,,0,0,77,0.75,2.2,7.3,8730,2,4.2,2.6,5.4,66,78,43,MEDIUM,0,53
2026-06-09,Tuesday,2026-06-08,2026-06,false,6f168c2c-529c-4ec8-9932-90d1b493cf87,0,667,-667,2100,-1433,383968,108000,667,0,37,COMPLIANT,1.4,3,61,6,5,44,0.75,2.5,7,10837,1.9,4,2.8,4.8,70,85,33,LOW,0,71
2026-06-10,Wednesday,2026-06-08,2026-06,false,6f168c2c-529c-4ec8-9932-90d1b493cf87,0,9088,-9088,2100,6988,374880,100000,9088,0,51,COMPLIANT,2.9,4,81,6,5,19,0.5,2.7,6.6,5056,2,3.2,2.9,5.3,74,81,36,LOW,1,72
2026-06-11,Thursday,2026-06-08,2026-06,false,6f168c2c-529c-4ec8-9932-90d1b493cf87,0,0,0,2100,-2100,374880,100000,0,0,41,COMPLIANT,2.7,3,63,5,4,37,0.5,2.2,7.4,4860,1.9,3.1,3.3,6.1,79,79,38,MEDIUM,0,63
2026-06-12,Friday,2026-06-08,2026-06,false,6f168c2c-529c-4ec8-9932-90d1b493cf87,0,359,-359,2100,-1741,374521,100000,359,0,42,COMPLIANT,2.3,3,62,4,3,38,0.5,2.3,6.5,9219,1.7,3.4,3.6,5.4,83,79,39,MEDIUM,0,62
2026-06-13,Saturday,2026-06-08,2026-06,true,6f168c2c-529c-4ec8-9932-90d1b493cf87,0,2469,-2469,2600,-131,372052,100000,905,1564,43,COMPLIANT,2.6,4,84,6,6,16,1,3,7.9,10803,1.9,3.6,2.8,6.3,91,92,24,LOW,0,93
2026-06-14,Sunday,2026-06-08,2026-06,true,6f168c2c-529c-4ec8-9932-90d1b493cf87,0,1893,-1893,2600,-707,370159,100000,1893,0,44,COMPLIANT,1.9,3,65,3,2,36,1,3.8,7.4,4664,1.8,3.6,3.2,6.3,94,89,30,LOW,0,76
2026-06-15,Monday,2026-06-15,2026-06,false,6f168c2c-529c-4ec8-9932-90d1b493cf87,0,1220,-1220,2100,-880,368939,100000,1220,0,44,COMPLIANT,1.4,3,57,6,5,48,0.25,3,7,7091,1.9,3.8,3.4,4.8,65,71,47,MEDIUM,1,54
2026-06-16,Tuesday,2026-06-15,2026-06,false,6f168c2c-529c-4ec8-9932-90d1b493cf87,0,3351,-3351,2100,1251,365588,100000,681,2670,46,COMPLIANT,1,3,56,5,4,52,0.25,0.8,7.3,9978,1.9,3.9,2.8,5.3,53,71,48,MEDIUM,1,53
2026-06-17,Wednesday,2026-06-15,2026-06,false,6f168c2c-529c-4ec8-9932-90d1b493cf87,0,478,-478,2100,-1622,365110,100000,478,0,46,COMPLIANT,1.8,4,79,6,5,23,0.75,1.3,6.7,6337,1.8,3.5,3.5,5.8,71,85,32,LOW,0,79
2026-06-18,Thursday,2026-06-15,2026-06,false,6f168c2c-529c-4ec8-9932-90d1b493cf87,0,385,-385,2100,-1715,364725,100000,385,0,47,COMPLIANT,1.2,3,61,6,5,45,0.75,1.7,7,8895,1.7,3.7,3.5,5.4,60,81,39,MEDIUM,0,71
2026-06-19,Friday,2026-06-15,2026-06,false,6f168c2c-529c-4ec8-9932-90d1b493cf87,0,166,-166,2100,-1934,364559,100000,166,0,47,COMPLIANT,3.3,4,84,5,5,16,0.75,2,7,10920,2,3.7,3.4,5,84,87,30,LOW,0,85
2026-06-20,Saturday,2026-06-15,2026-06,true,6f168c2c-529c-4ec8-9932-90d1b493cf87,0,1639,-1639,2600,-961,362920,100000,1181,458,48,COMPLIANT,0,,,0,0,77,0.5,1.8,7.1,3906,1.7,3.4,2.3,6.7,84,70,53,MEDIUM,0,45
2026-06-21,Sunday,2026-06-15,2026-06,true,6f168c2c-529c-4ec8-9932-90d1b493cf87,0,0,0,2600,-2600,362920,100000,0,0,48,COMPLIANT,2.4,3,65,4,3,35,0.8,1.8,7.7,4633,2.1,3.3,3.2,6.1,87,84,35,LOW,0,72
2026-06-22,Monday,2026-06-22,2026-06,false,6f168c2c-529c-4ec8-9932-90d1b493cf87,0,0,0,2100,-2100,362920,100000,0,0,48,COMPLIANT,3.8,4,85,3,3,15,0.75,2.2,6.7,8543,1.9,3.4,3.2,5.1,71,87,29,LOW,0,86
2026-06-23,Tuesday,2026-06-22,2026-06,false,6f168c2c-529c-4ec8-9932-90d1b493cf87,0,985,-985,2100,-1115,361935,100000,985,0,48,COMPLIANT,2.2,4,83,5,5,17,1,2.8,6.9,10052,2.1,4,2.3,4.9,77,91,26,LOW,0,92
2026-06-24,Wednesday,2026-06-22,2026-06,false,6f168c2c-529c-4ec8-9932-90d1b493cf87,0,718,-718,2100,-1382,361217,100000,718,0,48,COMPLIANT,2.3,5,100,2,2,5,1,3.5,7.6,5687,1.9,3.6,1.7,4.6,80,93,23,LOW,0,100
2026-06-25,Thursday,2026-06-22,2026-06,false,6f168c2c-529c-4ec8-9932-90d1b493cf87,0,230,-230,2100,-1870,360987,100000,230,0,48,COMPLIANT,1.7,4,81,2,2,21,1,4.2,7.1,10741,1.8,4.2,2.3,5.8,86,90,27,LOW,0,91
2026-06-26,Friday,2026-06-22,2026-06,false,6f168c2c-529c-4ec8-9932-90d1b493cf87,0,363,-363,2100,-1737,360624,100000,363,0,49,COMPLIANT,0,,,0,0,62,0.75,4.2,7.3,4787,1.8,3.3,2.3,5.3,86,77,44,MEDIUM,0,53
2026-06-27,Saturday,2026-06-22,2026-06,true,6f168c2c-529c-4ec8-9932-90d1b493cf87,0,0,0,2600,-2600,360624,100000,0,0,49,COMPLIANT,0,,,0,0,62,0.75,4,7,8868,1.7,3.8,2.4,5.6,89,77,44,MEDIUM,0,53
2026-06-28,Sunday,2026-06-22,2026-06,true,6f168c2c-529c-4ec8-9932-90d1b493cf87,0,1306,-1306,2600,-1294,359318,100000,375,931,49,COMPLIANT,1.1,4,78,5,4,29,0.8,4.7,7,5299,1.8,3.5,1.9,6.6,90,85,33,LOW,0,79
2026-06-29,Monday,2026-06-29,2026-06,false,6f168c2c-529c-4ec8-9932-90d1b493cf87,0,3556,-3556,2100,1456,355762,100000,1782,1774,51,COMPLIANT,1.5,5,96,2,2,8,0.75,3.2,6.6,8988,1.9,3.2,1.8,4.7,67,88,28,LOW,0,91
2026-06-30,Tuesday,2026-06-29,2026-06,false,6f168c2c-529c-4ec8-9932-90d1b493cf87,0,711,-711,2100,-1389,355051,100000,711,0,52,COMPLIANT,2.9,3,66,2,2,34,0.75,3.7,7.1,11205,2.1,3.4,2.3,5.8,76,82,37,LOW,0,77
2026-07-01,Wednesday,2026-06-29,2026-07,false,6f168c2c-529c-4ec8-9932-90d1b493cf87,88000,0,88000,2100,-2100,443051,100000,0,0,20,COMPLIANT,2.3,5,98,6,6,5,0.75,2.2,7,7021,1.8,3.7,2.1,5,61,97,14,LOW,0,92
2026-07-02,Thursday,2026-06-29,2026-07,false,6f168c2c-529c-4ec8-9932-90d1b493cf87,0,24342,-24342,2100,22242,418709,100000,22321,2021,42,COMPLIANT,0,,,0,0,62,0.75,2.7,7.4,9500,2.2,3.4,2.3,5.6,65,79,41,MEDIUM,1,53
2026-07-03,Friday,2026-06-29,2026-07,false,6f168c2c-529c-4ec8-9932-90d1b493cf87,0,1584,-1584,2100,-516,417125,100000,1005,579,33,COMPLIANT,2.6,5,99,5,5,5,0.75,3.2,6.9,10366,1.7,3.7,2,5,71,93,20,LOW,0,92
2026-07-04,Saturday,2026-06-29,2026-07,true,6f168c2c-529c-4ec8-9932-90d1b493cf87,0,854,-854,2600,-1746,416271,100000,267,587,34,COMPLIANT,0,,,0,0,62,1,3.8,7.9,10936,1.8,4.3,2.4,6.4,92,86,34,LOW,0,60
2026-07-05,Sunday,2026-06-29,2026-07,true,6f168c2c-529c-4ec8-9932-90d1b493cf87,0,5416,-5416,2600,2816,410855,100000,4237,1179,46,COMPLIANT,0,,,0,0,62,1,4.7,8,4623,1.9,3.9,1.7,6.2,92,83,39,MEDIUM,0,60
2026-07-06,Monday,2026-07-06,2026-07,false,6f168c2c-529c-4ec8-9932-90d1b493cf87,0,1553,-1553,2100,-547,409302,100000,1553,0,37,COMPLIANT,1.1,4,77,5,4,30,0.75,4,6.6,8809,1.9,4.2,2.1,5.3,66,87,29,LOW,0,77
2026-07-07,Tuesday,2026-07-06,2026-07,false,6f168c2c-529c-4ec8-9932-90d1b493cf87,0,1159,-1159,2100,-941,408143,100000,1159,0,38,COMPLIANT,0,,,0,0,62,0.75,3.5,6.9,8040,2.2,4.4,1.7,5.1,71,81,39,MEDIUM,0,53
2026-07-08,Wednesday,2026-07-06,2026-07,false,6f168c2c-529c-4ec8-9932-90d1b493cf87,0,1045,-1045,2100,-1055,407098,100000,246,799,38,COMPLIANT,1.4,4,80,4,4,25,1,4.2,7.1,5305,2,3.7,1.9,5.1,73,92,24,LOW,0,91
2026-07-09,Thursday,2026-07-06,2026-07,false,6f168c2c-529c-4ec8-9932-90d1b493cf87,0,462,-462,2100,-1638,406636,100000,136,326,39,COMPLIANT,2.8,3,63,3,2,37,0.5,4,7.2,8840,2,3.4,2.1,5.8,80,81,36,LOW,0,60
2026-07-10,Friday,2026-07-06,2026-07,false,6f168c2c-529c-4ec8-9932-90d1b493cf87,0,9953,-9953,2100,7853,396683,92000,8997,956,54,COMPLIANT,2.3,3,62,4,3,38,0.5,4.3,7.7,8690,1.7,4.3,2.4,4.9,88,76,43,MEDIUM,1,62
2026-07-11,Saturday,2026-07-06,2026-07,true,6f168c2c-529c-4ec8-9932-90d1b493cf87,0,917,-917,2600,-1683,395766,92000,917,0,44,COMPLIANT,0,,,0,0,62,0.75,4.8,7,11032,1.7,4,2.6,6.7,91,79,42,MEDIUM,0,53
2026-07-12,Sunday,2026-07-06,2026-07,true,6f168c2c-529c-4ec8-9932-90d1b493cf87,0,1090,-1090,2600,-1510,394676,92000,1090,0,45,COMPLIANT,0,,,0,0,62,1,5.7,7.7,4913,2.1,4.1,2,6.2,91,83,38,MEDIUM,0,60
2026-07-13,Monday,2026-07-13,2026-07,false,6f168c2c-529c-4ec8-9932-90d1b493cf87,0,996,-996,2100,-1104,393680,92000,996,0,45,COMPLIANT,3.1,5,98,5,5,5,0.5,5.5,7,8709,1.6,3.4,1.7,5.1,71,85,29,LOW,0,84
2026-07-14,Tuesday,2026-07-13,2026-07,false,6f168c2c-529c-4ec8-9932-90d1b493cf87,0,0,0,2100,-2100,393680,92000,0,0,45,COMPLIANT,2.1,3,65,2,2,35,1,6.2,7.4,8358,2.2,3.8,2,4.9,78,89,30,LOW,0,84
2026-07-15,Wednesday,2026-07-13,2026-07,false,6f168c2c-529c-4ec8-9932-90d1b493cf87,0,1601,-1601,2100,-499,392079,92000,1113,488,46,COMPLIANT,1.1,4,79,2,2,28,1,6.8,6.6,4920,2,3.2,2.4,5.7,78,89,29,LOW,0,91
2026-07-16,Thursday,2026-07-13,2026-07,false,6f168c2c-529c-4ec8-9932-90d1b493cf87,0,175,-175,2100,-1925,391904,92000,175,0,46,COMPLIANT,1.3,4,78,2,2,28,0.75,7,7.6,10693,2.1,3.8,2.1,4.4,84,85,32,LOW,0,83
2026-07-17,Friday,2026-07-13,2026-07,false,6f168c2c-529c-4ec8-9932-90d1b493cf87,0,158,-158,2100,-1942,391746,92000,158,0,46,COMPLIANT,2.6,4,82,4,4,18,0.75,5.3,7,11401,1.9,4.4,1.7,4.8,74,87,29,LOW,0,84
2026-07-18,Saturday,2026-07-13,2026-07,true,6f168c2c-529c-4ec8-9932-90d1b493cf87,8057,2339,5718,2600,-261,397464,92000,1153,1186,45,COMPLIANT,0,,,0,0,62,0.75,5.2,7.9,11060,1.9,4.4,1.9,6.1,94,79,42,MEDIUM,0,53
2026-07-19,Sunday,2026-07-13,2026-07,true,6f168c2c-529c-4ec8-9932-90d1b493cf87,0,1394,-1394,2600,-1206,396070,92000,0,1394,46,COMPLIANT,0,,,0,0,62,0.8,5,7,6431,1.8,4.2,2.6,6.7,94,79,42,MEDIUM,0,54
2026-07-20,Monday,2026-07-20,2026-07,false,6f168c2c-529c-4ec8-9932-90d1b493cf87,0,105,-105,2100,-1995,395965,92000,105,0,46,COMPLIANT,2.6,4,82,3,3,18,0.75,5.3,7.2,11093,2.2,4,2.4,6,72,87,29,LOW,0,84
2026-07-21,Tuesday,2026-07-20,2026-07,false,6f168c2c-529c-4ec8-9932-90d1b493cf87,0,1929,-1929,2100,-171,394036,92000,699,1230,47,COMPLIANT,2.3,3,66,6,5,34,1,6,6.9,11352,1.7,3.4,2.4,5.8,76,88,31,LOW,0,81
2026-07-22,Wednesday,2026-07-20,2026-07,false,6f168c2c-529c-4ec8-9932-90d1b493cf87,0,1466,-1466,2100,-634,392570,92000,1466,0,47,COMPLIANT,1.9,3,63,4,3,38,0.75,5.2,6.9,4243,1.9,3.8,2.9,4.9,79,83,36,LOW,0,70
2026-07-23,Thursday,2026-07-20,2026-07,false,6f168c2c-529c-4ec8-9932-90d1b493cf87,0,839,-839,2100,-1261,391731,92000,839,0,48,COMPLIANT,3.1,4,79,5,4,21,0.25,3.2,7.4,8494,1.8,4.1,3,5.7,70,76,40,MEDIUM,1,63
2026-07-24,Friday,2026-07-20,2026-07,false,6f168c2c-529c-4ec8-9932-90d1b493cf87,0,90,-90,2100,-2010,391641,92000,90,0,48,COMPLIANT,0,,,0,0,62,0.5,3.5,7.3,10622,1.6,3.2,2.5,4.9,74,73,47,MEDIUM,0,45
2026-07-25,Saturday,2026-07-20,2026-07,true,6f168c2c-529c-4ec8-9932-90d1b493cf87,0,439,-439,2600,-2161,391202,92000,0,439,48,COMPLIANT,0,,,0,0,62,0.5,0.5,8,5681,1.6,3.6,2.8,6.9,90,72,49,MEDIUM,0,45
2026-07-26,Sunday,2026-07-20,2026-07,true,6f168c2c-529c-4ec8-9932-90d1b493cf87,0,1167,-1167,2600,-1433,390035,92000,474,693,49,COMPLIANT,1.9,4,82,2,2,19,1,1.3,7.8,5694,1.8,3.5,2.3,5.4,93,90,27,LOW,0,92
2026-07-27,Monday,2026-07-27,2026-07,false,6f168c2c-529c-4ec8-9932-90d1b493cf87,0,1911,-1911,2100,-189,388124,92000,733,1178,50,COMPLIANT,3.1,3,66,3,2,34,0.75,1.5,6.8,10710,2.1,3.7,2.6,5.1,55,83,36,LOW,0,69
2026-07-28,Tuesday,2026-07-27,2026-07,false,6f168c2c-529c-4ec8-9932-90d1b493cf87,0,530,-530,2100,-1570,387594,92000,530,0,50,COMPLIANT,2,3,65,6,5,35,1,2.2,6.5,8329,2.1,3,2.8,6,76,87,32,LOW,0,80
2026-07-29,Wednesday,2026-07-27,2026-07,false,6f168c2c-529c-4ec8-9932-90d1b493cf87,0,260,-260,2100,-1840,387334,92000,260,0,50,COMPLIANT,0,,,0,0,62,0.75,2.5,7.5,5886,1.9,4.2,2.6,4.6,78,77,44,MEDIUM,0,53
2026-07-30,Thursday,2026-07-27,2026-07,false,6f168c2c-529c-4ec8-9932-90d1b493cf87,0,814,-814,2100,-1286,386520,92000,814,0,50,COMPLIANT,1.9,5,97,3,3,5,0.75,2.7,7.4,5828,2.1,3.7,2.2,5.8,80,88,27,LOW,0,91
2026-07-31,Friday,2026-07-27,2026-07,false,6f168c2c-529c-4ec8-9932-90d1b493cf87,0,808,-808,2100,-1292,385712,92000,808,0,51,COMPLIANT,0,,,0,0,62,0,0.2,6.9,3802,1.5,3.3,3.1,5.8,63,62,58,HIGH,1,30
2026-08-01,Saturday,2026-07-27,2026-08,true,6f168c2c-529c-4ec8-9932-90d1b493cf87,88000,1384,86616,2600,-1216,472328,92000,587,797,21,COMPLIANT,0,,,0,0,62,0.75,0.7,7,6357,1.7,3.7,2.8,6.5,80,85,32,LOW,0,53
2026-08-02,Sunday,2026-07-27,2026-08,true,6f168c2c-529c-4ec8-9932-90d1b493cf87,0,22577,-22577,2600,19977,449751,92000,22000,577,42,COMPLIANT,2.3,4,81,5,5,19,0.8,1.2,7.3,5326,2.3,3.8,2.1,5.3,83,89,27,LOW,1,85
2026-08-03,Monday,2026-08-03,2026-08,false,6f168c2c-529c-4ec8-9932-90d1b493cf87,0,977,-977,2100,-1123,448774,92000,977,0,33,COMPLIANT,3.1,5,100,5,5,5,1,1.8,7,11490,2.2,3.3,2.9,5.6,72,98,16,LOW,0,100
2026-08-04,Tuesday,2026-08-03,2026-08,false,6f168c2c-529c-4ec8-9932-90d1b493cf87,0,1285,-1285,2100,-815,447489,92000,1285,0,33,COMPLIANT,2,5,99,6,6,5,1,2.5,7.5,8949,1.9,4.1,2.7,4.8,78,98,16,LOW,0,100
2026-08-05,Wednesday,2026-08-03,2026-08,false,6f168c2c-529c-4ec8-9932-90d1b493cf87,0,6916,-6916,2100,4816,440573,92000,4598,2318,47,COMPLIANT,1.4,3,61,5,4,44,0.75,2.3,7.4,6564,1.7,4.1,2.3,4.7,80,82,37,LOW,0,70
2026-08-06,Thursday,2026-08-03,2026-08,false,6f168c2c-529c-4ec8-9932-90d1b493cf87,0,188,-188,2100,-1912,440385,92000,188,0,37,COMPLIANT,2.6,4,82,4,4,18,0.75,2.8,6.6,11197,2.1,3.7,2.9,5.2,85,90,25,LOW,0,84
2026-08-07,Friday,2026-08-03,2026-08,false,6f168c2c-529c-4ec8-9932-90d1b493cf87,0,1242,-1242,2100,-858,439143,92000,1242,0,38,COMPLIANT,2.5,3,67,4,3,33,1,3.5,7.1,10323,2.2,3.6,2.2,4.6,92,90,27,LOW,0,79
2026-08-08,Saturday,2026-08-03,2026-08,true,6f168c2c-529c-4ec8-9932-90d1b493cf87,0,799,-799,2600,-1801,438344,92000,0,799,38,COMPLIANT,0,,,0,0,62,1,4.2,7.6,10285,2.2,3.4,2.7,6.3,95,85,35,LOW,0,60
2026-08-09,Sunday,2026-08-03,2026-08,true,6f168c2c-529c-4ec8-9932-90d1b493cf87,0,765,-765,2600,-1835,437579,92000,765,0,38,COMPLIANT,1.1,5,95,2,2,12,0.8,4.5,7.3,7013,2.2,4.3,2.5,6.6,97,91,24,LOW,0,92
2026-08-10,Monday,2026-08-10,2026-08,false,6f168c2c-529c-4ec8-9932-90d1b493cf87,0,8106,-8106,2100,6006,429473,84000,8106,0,53,COMPLIANT,0,,,0,0,62,0.75,4.2,7,5639,1.9,4,2.6,4.8,66,77,45,MEDIUM,0,53
2026-08-11,Tuesday,2026-08-10,2026-08,false,6f168c2c-529c-4ec8-9932-90d1b493cf87,0,694,-694,2100,-1406,428779,84000,694,0,43,COMPLIANT,2.3,4,83,2,2,17,1,4.8,7.5,9253,1.9,4.2,2.9,5.5,73,92,24,LOW,0,92
2026-08-12,Wednesday,2026-08-10,2026-08,false,6f168c2c-529c-4ec8-9932-90d1b493cf87,0,1051,-1051,2100,-1049,427728,84000,1051,0,44,COMPLIANT,0,,,0,0,62,0.75,3.5,7.1,6158,1.8,3.6,2.5,5.3,56,79,42,MEDIUM,0,53
2026-08-13,Thursday,2026-08-10,2026-08,false,6f168c2c-529c-4ec8-9932-90d1b493cf87,0,1029,-1029,2100,-1071,426699,84000,1029,0,44,COMPLIANT,0,,,0,0,62,1,4.2,6.8,8592,2.2,3,2.9,5.1,75,83,38,MEDIUM,0,60
2026-08-14,Friday,2026-08-10,2026-08,false,6f168c2c-529c-4ec8-9932-90d1b493cf87,0,163,-163,2100,-1937,426536,84000,163,0,44,COMPLIANT,3.2,3,69,2,2,31,1,4.8,6.8,9319,2.3,3.9,2.8,5,82,89,29,LOW,0,86
2026-08-15,Saturday,2026-08-10,2026-08,true,6f168c2c-529c-4ec8-9932-90d1b493cf87,0,0,0,2600,-2600,426536,84000,0,0,44,COMPLIANT,0,,,0,0,62,1,5.5,7.7,11429,2.3,4,2.7,6.8,87,83,38,MEDIUM,0,60
2026-08-16,Sunday,2026-08-10,2026-08,true,6f168c2c-529c-4ec8-9932-90d1b493cf87,0,2080,-2080,2600,-520,424456,84000,0,2080,45,COMPLIANT,0,,,0,0,62,1,6.3,7,4041,2.3,3.8,3.2,6,86,83,38,MEDIUM,0,60
2026-08-17,Monday,2026-08-17,2026-08,false,6f168c2c-529c-4ec8-9932-90d1b493cf87,0,1196,-1196,2100,-904,423260,84000,1196,0,46,COMPLIANT,0,,,0,0,62,0.75,5.7,6.8,9880,1.9,3.7,3.1,5.5,69,79,42,MEDIUM,0,53
2026-08-18,Tuesday,2026-08-17,2026-08,false,6f168c2c-529c-4ec8-9932-90d1b493cf87,0,1570,-1570,2100,-530,421690,84000,1570,0,47,COMPLIANT,2,4,82,5,5,18,1,6.3,7,8673,1.9,3.9,2.9,5.1,75,91,26,LOW,0,92
2026-08-19,Wednesday,2026-08-17,2026-08,false,6f168c2c-529c-4ec8-9932-90d1b493cf87,0,136,-136,2100,-1964,421554,84000,136,0,47,COMPLIANT,2.1,4,82,2,2,18,1,7,6.8,4170,1.7,4.1,2.8,4.5,77,91,26,LOW,0,92
2026-08-20,Thursday,2026-08-17,2026-08,false,6f168c2c-529c-4ec8-9932-90d1b493cf87,0,787,-787,2100,-1313,420767,84000,787,0,47,COMPLIANT,2,3,63,2,2,37,0.75,7.2,7.6,9280,2.1,4.1,2.7,4.5,84,83,35,LOW,0,76
2026-08-21,Friday,2026-08-17,2026-08,false,6f168c2c-529c-4ec8-9932-90d1b493cf87,0,364,-364,2100,-1736,420403,84000,364,0,47,COMPLIANT,1.2,4,80,3,3,26,1,7.8,7,8848,1.8,4.1,2.3,5.8,88,90,28,LOW,0,91
2026-08-22,Saturday,2026-08-17,2026-08,true,6f168c2c-529c-4ec8-9932-90d1b493cf87,0,1841,-1841,2600,-759,418562,84000,499,1342,48,COMPLIANT,0,,,0,0,62,0.75,4.8,7,9626,1.8,3,3.3,5.4,92,77,44,MEDIUM,0,53
2026-08-23,Sunday,2026-08-17,2026-08,true,6f168c2c-529c-4ec8-9932-90d1b493cf87,0,3738,-3738,2600,1138,414824,84000,2583,1155,50,COMPLIANT,2.2,3,64,4,3,36,0.8,4.5,7.2,4719,2.2,3.4,3,6.4,95,83,36,LOW,0,72
2026-08-24,Monday,2026-08-24,2026-08,false,6f168c2c-529c-4ec8-9932-90d1b493cf87,0,294,-294,2100,-1806,414530,84000,294,0,50,COMPLIANT,0,,,0,0,62,1,5.2,7.3,8449,1.9,4.1,2.5,4.5,69,82,40,MEDIUM,0,60
2026-08-25,Tuesday,2026-08-24,2026-08,false,6f168c2c-529c-4ec8-9932-90d1b493cf87,0,343,-343,2100,-1757,414187,84000,343,0,50,COMPLIANT,1.5,4,79,5,4,25,0.75,5.3,7.6,8738,1.9,3.7,2.6,5.1,75,85,33,LOW,0,78
2026-08-26,Wednesday,2026-08-24,2026-08,false,6f168c2c-529c-4ec8-9932-90d1b493cf87,0,3254,-3254,2100,1154,410933,84000,176,3078,52,COMPLIANT,1.4,4,78,6,5,27,0.75,5.8,6.5,4330,1.9,3,3.1,4.6,75,84,34,LOW,0,78
2026-08-27,Thursday,2026-08-24,2026-08,false,6f168c2c-529c-4ec8-9932-90d1b493cf87,0,1377,-1377,2100,-723,409556,84000,1377,0,53,COMPLIANT,2.5,3,65,5,4,35,0.75,6.2,7.5,9477,2,3.2,2.9,5.2,83,82,37,LOW,0,72
2026-08-28,Friday,2026-08-24,2026-08,false,6f168c2c-529c-4ec8-9932-90d1b493cf87,0,0,0,2100,-2100,409556,84000,0,0,53,COMPLIANT,2.2,3,64,5,4,36,0.75,6.7,6.7,9479,1.7,3.2,2.7,5.7,88,81,38,MEDIUM,0,71
2026-08-29,Saturday,2026-08-24,2026-08,true,6f168c2c-529c-4ec8-9932-90d1b493cf87,0,0,0,2600,-2600,409556,84000,0,0,53,COMPLIANT,0,,,0,0,62,1,7.3,7.8,10488,1.8,4,2.4,5.5,92,81,42,MEDIUM,0,60
2026-08-30,Sunday,2026-08-24,2026-08,true,6f168c2c-529c-4ec8-9932-90d1b493cf87,0,516,-516,2600,-2084,409040,84000,0,516,53,COMPLIANT,1.2,3,63,4,3,43,1,8.2,7.5,5990,2.1,4,2.8,6.1,94,85,36,LOW,0,77
2026-08-31,Monday,2026-08-31,2026-08,false,6f168c2c-529c-4ec8-9932-90d1b493cf87,0,232,-232,2100,-1868,408808,84000,232,0,53,COMPLIANT,2.1,4,80,5,4,20,0.75,8.3,7.3,11241,1.8,3.4,2.1,5.9,73,85,33,LOW,0,79
2026-09-01,Tuesday,2026-08-31,2026-09,false,6f168c2c-529c-4ec8-9932-90d1b493cf87,88000,1524,86476,2100,-576,495284,84000,111,1413,21,COMPLIANT,1.6,3,64,5,4,39,1,9,7.1,8294,1.8,4.1,2.4,4.8,78,94,21,LOW,1,79
2026-09-02,Wednesday,2026-08-31,2026-09,false,6f168c2c-529c-4ec8-9932-90d1b493cf87,0,23865,-23865,2100,21765,471419,84000,22788,1077,43,COMPLIANT,2.9,4,85,6,6,15,1,9.7,7.4,5464,1.9,4.3,2,5.6,81,93,23,LOW,1,93
2026-09-03,Thursday,2026-08-31,2026-09,false,6f168c2c-529c-4ec8-9932-90d1b493cf87,0,395,-395,2100,-1705,471024,84000,395,0,33,COMPLIANT,2.8,4,82,4,4,18,0.75,9.8,7.1,11211,1.9,4.2,2.4,5.2,88,90,24,LOW,0,84
2026-09-04,Friday,2026-08-31,2026-09,false,6f168c2c-529c-4ec8-9932-90d1b493cf87,0,664,-664,2100,-1436,470360,84000,664,0,34,COMPLIANT,2.6,4,82,3,3,18,0.75,8,7.4,9843,2.1,3.8,2.5,5.6,94,90,24,LOW,0,84
2026-09-05,Saturday,2026-08-31,2026-09,true,6f168c2c-529c-4ec8-9932-90d1b493cf87,0,5943,-5943,2600,3343,464417,84000,4362,1581,47,COMPLIANT,0,,,0,0,62,0.5,5.2,7.3,4693,1.6,3.6,2.5,5.9,94,73,47,MEDIUM,0,45