transaction_id,date,user_id,type,category,subcategory,amount_inr,payment_method,merchant,is_recurring,is_essential,note
045ef594-d81d-4f21-a4d6-1151ed71260d,2025-09-06,6f168c2c-529c-4ec8-9932-90d1b493cf87,EXPENSE,Food,Groceries,765,UPI,Grocery store,false,true,
0ab25f30-4900-4ce5-a691-00672c92a276,2025-09-07,6f168c2c-529c-4ec8-9932-90d1b493cf87,EXPENSE,Utilities,Internet,899,Card,Internet provider,true,true,
eea1ad3f-bf21-42ed-a510-d0220518d902,2025-09-07,6f168c2c-529c-4ec8-9932-90d1b493cf87,EXPENSE,Dining,Restaurant or delivery,858,UPI,Food outlet,false,false,
54cc301a-70fd-4f3b-a979-65ba192cda51,2025-09-08,6f168c2c-529c-4ec8-9932-90d1b493cf87,EXPENSE,Subscriptions,Digital services,799,Card,Subscription services,true,false,
9b66130d-2c7c-45ee-a62b-24fdca0a32bf,2025-09-08,6f168c2c-529c-4ec8-9932-90d1b493cf87,EXPENSE,Food,Groceries,719,Card,Grocery store,false,true,
54b32b25-43de-4611-acae-06cd2fbf1a7f,2025-09-08,6f168c2c-529c-4ec8-9932-90d1b493cf87,EXPENSE,Transport,Commute,398,UPI,Local transport,false,true,
05320dd8-88b1-4a6f-ade8-cbf6e50cf395,2025-09-09,6f168c2c-529c-4ec8-9932-90d1b493cf87,EXPENSE,Education,Course or materials,1776,UPI,Education provider,false,true,
33a82344-7396-4f25-a1d5-30f947817419,2025-09-10,6f168c2c-529c-4ec8-9932-90d1b493cf87,EXPENSE,Debt,Loan payment,8000,Bank transfer,Loan account,true,true,
1684297a-e612-416c-a9f3-e86ebc48de53,2025-09-11,6f168c2c-529c-4ec8-9932-90d1b493cf87,EXPENSE,Transport,Commute,102,Cash,Local transport,false,true,
580cdc26-53fc-4987-a961-bb39292d5a80,2025-09-12,6f168c2c-529c-4ec8-9932-90d1b493cf87,EXPENSE,Dining,Restaurant or delivery,515,UPI,Food outlet,false,false,
fab2f5a3-89ed-40fd-a549-35fcd8fa098c,2025-09-13,6f168c2c-529c-4ec8-9932-90d1b493cf87,EXPENSE,Food,Groceries,581,UPI,Grocery store,false,true,
5d6bf33e-51a1-47f1-a6bc-2c66badb446e,2025-09-13,6f168c2c-529c-4ec8-9932-90d1b493cf87,EXPENSE,Dining,Restaurant or delivery,1238,UPI,Food outlet,false,false,
8ed5b22e-01e6-42d7-ad99-6f0b92e42d5e,2025-09-14,6f168c2c-529c-4ec8-9932-90d1b493cf87,EXPENSE,Food,Groceries,351,UPI,Grocery store,false,true,
aed44aa4-5aa6-4cf5-adbd-4e319a0dfd62,2025-09-14,6f168c2c-529c-4ec8-9932-90d1b493cf87,EXPENSE,Entertainment,Leisure,567,UPI,Entertainment venue,false,false,
eb6142a6-3cec-4523-afb6-84ae15198308,2025-09-15,6f168c2c-529c-4ec8-9932-90d1b493cf87,EXPENSE,Food,Groceries,673,Card,Grocery store,false,true,
6a68e94c-c8c7-4fdf-a8f6-6170cf0de325,2025-09-15,6f168c2c-529c-4ec8-9932-90d1b493cf87,EXPENSE,Transport,Commute,200,UPI,Local transport,false,true,
d2e1ae97-b92f-4811-ac71-d63ea2250041,2025-09-16,6f168c2c-529c-4ec8-9932-90d1b493cf87,EXPENSE,Food,Groceries,683,UPI,Grocery store,false,true,
cdd58a7a-41f1-4274-a9c2-334dd9ade485,2025-09-16,6f168c2c-529c-4ec8-9932-90d1b493cf87,EXPENSE,Transport,Commute,248,UPI,Local transport,false,true,
f326ccf5-f6c6-4557-a2c6-d9eea7d25fbe,2025-09-17,6f168c2c-529c-4ec8-9932-90d1b493cf87,EXPENSE,Transport,Commute,310,UPI,Local transport,false,true,
11c54b38-895f-4782-ad84-796566462155,2025-09-18,6f168c2c-529c-4ec8-9932-90d1b493cf87,INCOME,Freelance,Project payment,6409,UPI,Freelance client,false,true,
f1c1db8a-ac9d-40b1-a158-ba0f54337f61,2025-09-18,6f168c2c-529c-4ec8-9932-90d1b493cf87,EXPENSE,Transport,Commute,125,UPI,Local transport,false,true,
9f124644-d760-4f65-a561-a1e2cac0d050,2025-09-18,6f168c2c-529c-4ec8-9932-90d1b493cf87,EXPENSE,Dining,Restaurant or delivery,1301,UPI,Food outlet,false,false,
63c4b7e1-8376-44fb-a867-287bc991a1ee,2025-09-19,6f168c2c-529c-4ec8-9932-90d1b493cf87,EXPENSE,Transport,Commute,396,UPI,Local transport,false,true,
fb868c3b-a12a-4b03-ac9a-102146aa52f8,2025-09-20,6f168c2c-529c-4ec8-9932-90d1b493cf87,EXPENSE,Dining,Restaurant or delivery,1449,UPI,Food outlet,false,false,
c09df8dd-6f81-4ec6-aed4-db1b0a9f5e87,2025-09-21,6f168c2c-529c-4ec8-9932-90d1b493cf87,EXPENSE,Entertainment,Leisure,1758,UPI,Entertainment venue,false,false,
0639ef47-d565-462d-ae27-8e6bc8c9ac76,2025-09-22,6f168c2c-529c-4ec8-9932-90d1b493cf87,EXPENSE,Food,Groceries,326,Card,Grocery store,false,true,
7f09d30b-394a-4e32-a1df-ec188510a3f8,2025-09-22,6f168c2c-529c-4ec8-9932-90d1b493cf87,EXPENSE,Transport,Commute,262,UPI,Local transport,false,true,
e0ec4130-8896-4a7b-a594-0e21267a32fe,2025-09-23,6f168c2c-529c-4ec8-9932-90d1b493cf87,EXPENSE,Transport,Commute,221,UPI,Local transport,false,true,
ab32b558-0764-48d8-a1f3-5c8c258338f5,2025-09-24,6f168c2c-529c-4ec8-9932-90d1b493cf87,EXPENSE,Transport,Commute,375,UPI,Local transport,false,true,
d92afd5b-d5dc-41f7-ac97-4f603d26f44f,2025-09-25,6f168c2c-529c-4ec8-9932-90d1b493cf87,EXPENSE,Transport,Commute,199,Cash,Local transport,false,true,
0a39a9e3-e363-4057-a4c7-10aa255a2c2a,2025-09-26,6f168c2c-529c-4ec8-9932-90d1b493cf87,EXPENSE,Transport,Commute,202,UPI,Local transport,false,true,
fb78ca86-6b4e-415b-a76a-16fa77bcfbf1,2025-09-27,6f168c2c-529c-4ec8-9932-90d1b493cf87,EXPENSE,Food,Groceries,657,UPI,Grocery store,false,true,
22144cef-869e-4230-a176-61bb103c2ce7,2025-09-28,6f168c2c-529c-4ec8-9932-90d1b493cf87,EXPENSE,Dining,Restaurant or delivery,365,UPI,Food outlet,false,false,
2d653939-1288-4d84-a48f-1c7d99312b03,2025-09-29,6f168c2c-529c-4ec8-9932-90d1b493cf87,EXPENSE,Food,Groceries,1088,UPI,Grocery store,false,true,
b70ca3d5-dd9e-493d-a296-589857dccb67,2025-09-29,6f168c2c-529c-4ec8-9932-90d1b493cf87,EXPENSE,Transport,Commute,118,UPI,Local transport,false,true,
a7dbf9c3-5ad4-42a0-a166-24abd71a8e3c,2025-09-30,6f168c2c-529c-4ec8-9932-90d1b493cf87,EXPENSE,Food,Groceries,804,UPI,Grocery store,false,true,
5fcbaf6c-2e35-4bc0-acb3-4c36e87b8a94,2025-09-30,6f168c2c-529c-4ec8-9932-90d1b493cf87,EXPENSE,Transport,Commute,108,UPI,Local transport,false,true,
0cd23468-b883-45a6-a2a0-3bd421fe9e22,2025-10-01,6f168c2c-529c-4ec8-9932-90d1b493cf87,INCOME,Salary,Primary salary,85000,Bank transfer,Employer,true,true,
1f7b4512-4b9a-43ee-afe5-c92cd63fd274,2025-10-01,6f168c2c-529c-4ec8-9932-90d1b493cf87,EXPENSE,Food,Groceries,252,Card,Grocery store,false,true,
dbcc3b4d-bce2-4f8d-a8cc-6b2222b56574,2025-10-01,6f168c2c-529c-4ec8-9932-90d1b493cf87,EXPENSE,Transport,Commute,150,UPI,Local transport,false,true,
3ec07aa6-0468-4e93-a0a8-8d246bc40451,2025-10-01,6f168c2c-529c-4ec8-9932-90d1b493cf87,EXPENSE,Healthcare,Medicine or consultation,1087,Card,Healthcare provider,false,true,
b2bac722-75a3-4fac-a0b5-a95ef70be301,2025-10-02,6f168c2c-529c-4ec8-9932-90d1b493cf87,EXPENSE,Housing,Rent,22000,Bank transfer,Landlord,true,true,
cfda6d9f-0f4f-4451-a662-80c277d96ba1,2025-10-02,6f168c2c-529c-4ec8-9932-90d1b493cf87,EXPENSE,Food,Groceries,997,UPI,Grocery store,false,true,
1f7bea7d-6c59-4258-a00e-3fc9f8ca36fa,2025-10-02,6f168c2c-529c-4ec8-9932-90d1b493cf87,EXPENSE,Transport,Commute,189,UPI,Local transport,false,true,
5bf4f201-9c67-4789-a931-b2695b42834b,2025-10-03,6f168c2c-529c-4ec8-9932-90d1b493cf87,EXPENSE,Food,Groceries,771,UPI,Grocery store,false,true,
52953f25-ca63-46aa-aef6-b6936cf22874,2025-10-03,6f168c2c-529c-4ec8-9932-90d1b493cf87,EXPENSE,Transport,Commute,401,UPI,Local transport,false,true,
5c54b428-3e70-41a3-a37c-1d85ca6c53a9,2025-10-03,6f168c2c-529c-4ec8-9932-90d1b493cf87,EXPENSE,Dining,Restaurant or delivery,557,UPI,Food outlet,false,false,
2d6dc47d-67b8-4b4e-ac9f-7be3ff109440,2025-10-04,6f168c2c-529c-4ec8-9932-90d1b493cf87,EXPENSE,Dining,Restaurant or delivery,528,UPI,Food outlet,false,false,
3c81b201-0cc7-4c7e-add0-f9e208757e0d,2025-10-05,6f168c2c-529c-4ec8-9932-90d1b493cf87,EXPENSE,Utilities,Electricity and water,2943,UPI,Utility provider,true,true,
e369492d-6187-41ee-a655-ee1a941aed55,2025-10-07,6f168c2c-529c-4ec8-9932-90d1b493cf87,EXPENSE,Utilities,Internet,899,Card,Internet provider,true,true,
f1e77af5-06b4-4083-afd0-20e26f57432d,2025-10-07,6f168c2c-529c-4ec8-9932-90d1b493cf87,EXPENSE,Food,Groceries,465,UPI,Grocery store,false,true,
e54f8a3e-8d62-4f2f-ac3c-31079c34c8f0,2025-10-07,6f168c2c-529c-4ec8-9932-90d1b493cf87,EXPENSE,Transport,Commute,177,UPI,Local transport,false,true,
e48d0fee-97b9-4027-a46b-d86a9e0ccfab,2025-10-08,6f168c2c-529c-4ec8-9932-90d1b493cf87,EXPENSE,Subscriptions,Digital services,799,Card,Subscription services,true,false,
2e169fe0-eaeb-4b6c-aa1d-1e14c52de96e,2025-10-08,6f168c2c-529c-4ec8-9932-90d1b493cf87,EXPENSE,Food,Groceries,709,Card,Grocery store,false,true,
a7f5693e-be01-4e1d-aaf2-98a232d53ea1,2025-10-08,6f168c2c-529c-4ec8-9932-90d1b493cf87,EXPENSE,Transport,Commute,388,UPI,Local transport,false,true,
8dbf12e3-4055-41d8-a32f-a105fe7738f1,2025-10-09,6f168c2c-529c-4ec8-9932-90d1b493cf87,EXPENSE,Food,Groceries,765,Card,Grocery store,false,true,
d1ac8b1d-5145-4508-aee0-d276a63676f9,2025-10-09,6f168c2c-529c-4ec8-9932-90d1b493cf87,EXPENSE,Transport,Commute,218,UPI,Local transport,false,true,
37f523c6-fad6-49cf-a6cf-e06ca14ec566,2025-10-10,6f168c2c-529c-4ec8-9932-90d1b493cf87,EXPENSE,Debt,Loan payment,8000,Bank transfer,Loan account,true,true,
1b326ba5-0cc2-447f-a874-f277e1651819,2025-10-12,6f168c2c-529c-4ec8-9932-90d1b493cf87,EXPENSE,Food,Groceries,1041,UPI,Grocery store,false,true,
46c5bd4a-98bb-48b8-ac10-6383ea3edbd1,2025-10-13,6f168c2c-529c-4ec8-9932-90d1b493cf87,EXPENSE,Transport,Commute,244,UPI,Local transport,false,true,
63e5bf20-a7f9-474c-adf2-ac4ec15c8d3c,2025-10-14,6f168c2c-529c-4ec8-9932-90d1b493cf87,EXPENSE,Transport,Commute,158,UPI,Local transport,false,true,
d1166376-06b8-49aa-a587-1025f82dbd5f,2025-10-15,6f168c2c-529c-4ec8-9932-90d1b493cf87,EXPENSE,Food,Groceries,1180,Card,Grocery store,false,true,
23fb9b95-2173-4afc-a0be-78a9d7c6be98,2025-10-16,6f168c2c-529c-4ec8-9932-90d1b493cf87,EXPENSE,Transport,Commute,375,UPI,Local transport,false,true,
5838bf13-1187-49b0-a220-104628cb7789,2025-10-17,6f168c2c-529c-4ec8-9932-90d1b493cf87,EXPENSE,Food,Groceries,1101,Card,Grocery store,false,true,
cfd34602-74b5-4706-a67a-59b91e1788e4,2025-10-17,6f168c2c-529c-4ec8-9932-90d1b493cf87,EXPENSE,Transport,Commute,305,UPI,Local transport,false,true,
d023d68f-a18d-4bbc-a2a6-d26b3f4b5b28,2025-10-18,6f168c2c-529c-4ec8-9932-90d1b493cf87,EXPENSE,Entertainment,Leisure,518,UPI,Entertainment venue,false,false,
3fe3c5c4-a4c0-46b2-a83c-112ce13f8322,2025-10-19,6f168c2c-529c-4ec8-9932-90d1b493cf87,EXPENSE,Food,Groceries,768,UPI,Grocery store,false,true,
fc522286-7868-46a8-af77-1f9550bb54f0,2025-10-19,6f168c2c-529c-4ec8-9932-90d1b493cf87,EXPENSE,Entertainment,Leisure,548,UPI,Entertainment venue,false,false,
d686a20b-5779-458b-a166-6df6d94b8d01,2025-10-20,6f168c2c-529c-4ec8-9932-90d1b493cf87,EXPENSE,Dining,Restaurant or delivery,1119,UPI,Food outlet,false,false,
55d4a972-5faf-43f9-ac1e-b73326f7cd5b,2025-10-21,6f168c2c-529c-4ec8-9932-90d1b493cf87,EXPENSE,Food,Groceries,933,UPI,Grocery store,false,true,
d5d74164-1b1e-4c16-aa3f-96fd6263f788,2025-10-21,6f168c2c-529c-4ec8-9932-90d1b493cf87,EXPENSE,Transport,Commute,230,UPI,Local transport,false,true,
98ee629c-86d4-485f-aeb6-ff877abea888,2025-10-22,6f168c2c-529c-4ec8-9932-90d1b493cf87,EXPENSE,Transport,Commute,303,UPI,Local transport,false,true,
c19dd51a-a445-418e-a882-c4d83cdfc31c,2025-10-23,6f168c2c-529c-4ec8-9932-90d1b493cf87,EXPENSE,Food,Groceries,1225,UPI,Grocery store,false,true,
5844abb3-5205-4594-a7db-88e41486d9f3,2025-10-23,6f168c2c-529c-4ec8-9932-90d1b493cf87,EXPENSE,Transport,Commute,404,UPI,Local transport,false,true,
db4cd2be-83cb-4fcb-a595-57e2463617c3,2025-10-24,6f168c2c-529c-4ec8-9932-90d1b493cf87,EXPENSE,Food,Groceries,733,UPI,Grocery store,false,true,
6bf3427e-3308-48af-a19f-e9c4c749e3ef,2025-10-24,6f168c2c-529c-4ec8-9932-90d1b493cf87,EXPENSE,Transport,Commute,194,UPI,Local transport,false,true,
12552754-dcb6-40bd-a2d8-0922bb44b227,2025-10-25,6f168c2c-529c-4ec8-9932-90d1b493cf87,EXPENSE,Dining,Restaurant or delivery,711,UPI,Food outlet,false,false,
e7f2753f-3974-4533-a414-34246fa555fb,2025-10-26,6f168c2c-529c-4ec8-9932-90d1b493cf87,EXPENSE,Dining,Restaurant or delivery,931,UPI,Food outlet,false,false,
403a8d57-21ee-4930-a8a1-6bbf87bbbdc5,2025-10-27,6f168c2c-529c-4ec8-9932-90d1b493cf87,EXPENSE,Transport,Commute,335,UPI,Local transport,false,true,
926c2cb6-bff8-4290-a737-004070f0addb,2025-10-28,6f168c2c-529c-4ec8-9932-90d1b493cf87,EXPENSE,Food,Groceries,264,UPI,Grocery store,false,true,
4c968be4-3a6c-432c-a15e-4bb268fd9652,2025-10-28,6f168c2c-529c-4ec8-9932-90d1b493cf87,EXPENSE,Transport,Commute,367,UPI,Local transport,false,true,
b0ccff55-33ab-41fb-af0f-706e7fc147b7,2025-10-29,6f168c2c-529c-4ec8-9932-90d1b493cf87,EXPENSE,Food,Groceries,549,Card,Grocery store,false,true,
829c0e76-c6aa-42d3-a86c-87eb32961cfa,2025-10-29,6f168c2c-529c-4ec8-9932-90d1b493cf87,EXPENSE,Transport,Commute,302,UPI,Local transport,false,true,
c3210a46-1869-46c5-ad5b-09b210723125,2025-10-30,6f168c2c-529c-4ec8-9932-90d1b493cf87,EXPENSE,Food,Groceries,1138,UPI,Grocery store,false,true,
f8e88b9e-b810-4b18-a036-f0aacb8c2e47,2025-10-30,6f168c2c-529c-4ec8-9932-90d1b493cf87,EXPENSE,Transport,Commute,259,UPI,Local transport,false,true,
7c40c0f2-750f-49f4-a1cc-654303636a39,2025-10-30,6f168c2c-529c-4ec8-9932-90d1b493cf87,EXPENSE,Shopping,Personal purchase,1553,Card,Retail store,false,false,
ef6169fb-00fc-4606-ad91-37ff5d3a5d0f,2025-10-31,6f168c2c-529c-4ec8-9932-90d1b493cf87,EXPENSE,Transport,Commute,136,UPI,Local transport,false,true,
02dbe364-cc15-4679-a6fc-45c032afab2c,2025-11-01,6f168c2c-529c-4ec8-9932-90d1b493cf87,INCOME,Salary,Primary salary,85000,Bank transfer,Employer,true,true,
287b2e56-4669-474c-a7ca-2ecf818f7452,2025-11-01,6f168c2c-529c-4ec8-9932-90d1b493cf87,EXPENSE,Food,Groceries,696,Card,Grocery store,false,true,
1838974b-408d-4885-a2b9-c531a52a9007,2025-11-02,6f168c2c-529c-4ec8-9932-90d1b493cf87,EXPENSE,Housing,Rent,22000,Bank transfer,Landlord,true,true,
4aea95b7-13e3-4860-ab07-c0a7b8c952c5,2025-11-02,6f168c2c-529c-4ec8-9932-90d1b493cf87,EXPENSE,Food,Groceries,438,Card,Grocery store,false,true,
a5f77799-82e3-4f6d-ad93-9f20ccaf8fa0,2025-11-03,6f168c2c-529c-4ec8-9932-90d1b493cf87,EXPENSE,Transport,Commute,357,UPI,Local transport,false,true,
9df9c89c-70aa-4638-a935-ac637e0de877,2025-11-03,6f168c2c-529c-4ec8-9932-90d1b493cf87,EXPENSE,Dining,Restaurant or delivery,1206,UPI,Food outlet,false,false,
a35772d6-48c5-4dc1-aa78-06ff08983e46,2025-11-03,6f168c2c-529c-4ec8-9932-90d1b493cf87,EXPENSE,Healthcare,Medicine or consultation,1337,Card,Healthcare provider,false,true,
ef76283d-627b-4992-a3f2-a20d0f531c8c,2025-11-05,6f168c2c-529c-4ec8-9932-90d1b493cf87,EXPENSE,Utilities,Electricity and water,3128,UPI,Utility provider,true,true,
f1fef5e4-1e71-45db-a24d-954c12da5793,2025-11-05,6f168c2c-529c-4ec8-9932-90d1b493cf87,EXPENSE,Food,Groceries,948,UPI,Grocery store,false,true,
5ae75ee1-be53-491f-aab4-16bb6a7bdc54,2025-11-05,6f168c2c-529c-4ec8-9932-90d1b493cf87,EXPENSE,Transport,Commute,228,UPI,Local transport,false,true,
d141e28a-fe19-4554-a373-400df6092adc,2025-11-06,6f168c2c-529c-4ec8-9932-90d1b493cf87,EXPENSE,Food,Groceries,539,Card,Grocery store,false,true,
db1bf198-1365-4341-aba1-17c51e051b58,2025-11-06,6f168c2c-529c-4ec8-9932-90d1b493cf87,EXPENSE,Transport,Commute,263,UPI,Local transport,false,true,
e9a24e8f-76d1-4e5a-aaf7-f2dcdd8ff832,2025-11-06,6f168c2c-529c-4ec8-9932-90d1b493cf87,EXPENSE,Dining,Restaurant or delivery,1137,UPI,Food outlet,false,false,
a689d709-3897-47ea-a723-c9186bd18d40,2025-11-07,6f168c2c-529c-4ec8-9932-90d1b493cf87,EXPENSE,Utilities,Internet,899,Card,Internet provider,true,true,
b5ad1b1e-8949-43db-af9c-b9913ef243b1,2025-11-07,6f168c2c-529c-4ec8-9932-90d1b493cf87,EXPENSE,Transport,Commute,323,UPI,Local transport,false,true,
357d8478-2f74-4523-a7da-cbc91c20dd21,2025-11-08,6f168c2c-529c-4ec8-9932-90d1b493cf87,EXPENSE,Subscriptions,Digital services,799,Card,Subscription services,true,false,
cddd6ac8-bee7-444f-aff2-85429fdb009b,2025-11-08,6f168c2c-529c-4ec8-9932-90d1b493cf87,EXPENSE,Entertainment,Leisure,1766,UPI,Entertainment venue,false,false,
e6e65d33-f717-4c49-ae11-eaa59ff4457c,2025-11-10,6f168c2c-529c-4ec8-9932-90d1b493cf87,EXPENSE,Debt,Loan payment,8000,Bank transfer,Loan account,true,true,
4c7f676a-dc2f-4454-a35a-98abd56a23d3,2025-11-10,6f168c2c-529c-4ec8-9932-90d1b493cf87,EXPENSE,Food,Groceries,518,UPI,Grocery store,false,true,
978ccfe1-1863-4146-ac00-f44f8c2e3d8b,2025-11-10,6f168c2c-529c-4ec8-9932-90d1b493cf87,EXPENSE,Transport,Commute,235,Cash,Local transport,false,true,
b77ab671-cd2e-4ef3-a877-60efe005f3c9,2025-11-10,6f168c2c-529c-4ec8-9932-90d1b493cf87,EXPENSE,Shopping,Personal purchase,2332,Card,Retail store,false,false,
9a78c068-21eb-4c4c-ae9e-aca22c4a8556,2025-11-11,6f168c2c-529c-4ec8-9932-90d1b493cf87,EXPENSE,Food,Groceries,969,UPI,Grocery store,false,true,
8749121a-2e35-4a97-a0a9-8e8da88db8f1,2025-11-11,6f168c2c-529c-4ec8-9932-90d1b493cf87,EXPENSE,Transport,Commute,214,UPI,Local transport,false,true,
92b48ca9-5555-4167-a2dc-236dc75c6204,2025-11-13,6f168c2c-529c-4ec8-9932-90d1b493cf87,EXPENSE,Transport,Commute,369,UPI,Local transport,false,true,
19e57f28-4283-45f2-a04a-d90675e2d1b9,2025-11-14,6f168c2c-529c-4ec8-9932-90d1b493cf87,EXPENSE,Transport,Commute,309,UPI,Local transport,false,true,
7a874cbe-d105-495a-a464-16ccb3907b26,2025-11-15,6f168c2c-529c-4ec8-9932-90d1b493cf87,EXPENSE,Dining,Restaurant or delivery,328,UPI,Food outlet,false,false,
8cec1e01-ac92-41ab-a6a5-9f0fcb7ed6e6,2025-11-16,6f168c2c-529c-4ec8-9932-90d1b493cf87,EXPENSE,Dining,Restaurant or delivery,1275,UPI,Food outlet,false,false,
50f41278-ba4c-4412-a722-216f9f4eef50,2025-11-16,6f168c2c-529c-4ec8-9932-90d1b493cf87,EXPENSE,Entertainment,Leisure,979,UPI,Entertainment venue,false,false,
a128200e-1e00-4bf1-a2e0-8cd55ef8506f,2025-11-17,6f168c2c-529c-4ec8-9932-90d1b493cf87,EXPENSE,Transport,Commute,392,UPI,Local transport,false,true,
cc6b3bf6-5990-429f-a607-44524f74c444,2025-11-18,6f168c2c-529c-4ec8-9932-90d1b493cf87,INCOME,Freelance,Project payment,8369,UPI,Freelance client,false,true,
92b119dc-3704-4073-ab7b-48725bd48ca3,2025-11-18,6f168c2c-529c-4ec8-9932-90d1b493cf87,EXPENSE,Transport,Commute,224,UPI,Local transport,false,true,
9964d28f-c9e0-4be1-a93b-10de7f3dea21,2025-11-19,6f168c2c-529c-4ec8-9932-90d1b493cf87,EXPENSE,Food,Groceries,1033,UPI,Grocery store,false,true,
e93fd6d3-6a70-4ec0-a0a8-4c589062a63d,2025-11-19,6f168c2c-529c-4ec8-9932-90d1b493cf87,EXPENSE,Transport,Commute,401,UPI,Local transport,false,true,
8da1650a-ab4d-4b62-abe9-4bfd19f3e6bb,2025-11-20,6f168c2c-529c-4ec8-9932-90d1b493cf87,EXPENSE,Transport,Commute,300,UPI,Local transport,false,true,
86e8b3b1-b542-46ec-a970-d295978c8e9f,2025-11-20,6f168c2c-529c-4ec8-9932-90d1b493cf87,EXPENSE,Dining,Restaurant or delivery,711,UPI,Food outlet,false,false,
4af9fce9-5cf6-4a59-ae4f-220267c7d0e6,2025-11-21,6f168c2c-529c-4ec8-9932-90d1b493cf87,EXPENSE,Food,Groceries,676,UPI,Grocery store,false,true,
a2e34725-7469-42ce-af1b-a52b85dba65f,2025-11-21,6f168c2c-529c-4ec8-9932-90d1b493cf87,EXPENSE,Transport,Commute,380,Cash,Local transport,false,true,
a10d44f4-e3d1-488b-a100-942753290392,2025-11-21,6f168c2c-529c-4ec8-9932-90d1b493cf87,EXPENSE,Education,Course or materials,1933,UPI,Education provider,false,true,
54a9c83d-445a-4995-a2f0-e15432016931,2025-11-22,6f168c2c-529c-4ec8-9932-90d1b493cf87,EXPENSE,Food,Groceries,825,UPI,Grocery store,false,true,
7544543c-bb81-4681-a33e-88287f6f698d,2025-11-22,6f168c2c-529c-4ec8-9932-90d1b493cf87,EXPENSE,Dining,Restaurant or delivery,1198,UPI,Food outlet,false,false,
e6189534-30cc-4f67-a109-7053c184f2a0,2025-11-23,6f168c2c-529c-4ec8-9932-90d1b493cf87,EXPENSE,Food,Groceries,951,UPI,Grocery store,false,true,
c79e5328-b27d-4b62-ab13-4c7cda41f9bd,2025-11-23,6f168c2c-529c-4ec8-9932-90d1b493cf87,EXPENSE,Shopping,Personal purchase,809,Card,Retail store,false,false,
f9a1c03e-2ee1-410f-a678-a96729039abe,2025-11-24,6f168c2c-529c-4ec8-9932-90d1b493cf87,EXPENSE,Food,Groceries,359,UPI,Grocery store,false,true,
e1bd1959-a829-4ff5-a480-cbc3379bff13,2025-11-24,6f168c2c-529c-4ec8-9932-90d1b493cf87,EXPENSE,Transport,Commute,281,UPI,Local transport,false,true,
2c7067a6-0042-4c6c-aa5c-ee1c98988173,2025-11-25,6f168c2c-529c-4ec8-9932-90d1b493cf87,EXPENSE,Food,Groceries,268,Card,Grocery store,false,true,
82a37704-715a-4035-aca4-4072d8076420,2025-11-25,6f168c2c-529c-4ec8-9932-90d1b493cf87,EXPENSE,Transport,Commute,156,UPI,Local transport,false,true,
e9d9d97b-a3cd-4d93-ae80-b9d84aeba83c,2025-11-27,6f168c2c-529c-4ec8-9932-90d1b493cf87,EXPENSE,Food,Groceries,734,UPI,Grocery store,false,true,
f0467c55-55dd-4a01-a305-55d40ffdd96e,2025-11-27,6f168c2c-529c-4ec8-9932-90d1b493cf87,EXPENSE,Transport,Commute,314,UPI,Local transport,false,true,
28592649-0b58-44e9-a505-d7d51f8908f4,2025-11-28,6f168c2c-529c-4ec8-9932-90d1b493cf87,EXPENSE,Transport,Commute,116,UPI,Local transport,false,true,
7ba3c02a-027d-4202-ae52-4f4d557b092d,2025-11-28,6f168c2c-529c-4ec8-9932-90d1b493cf87,EXPENSE,Shopping,Personal purchase,1305,Card,Retail store,false,false,
8dacc2ff-d354-478b-aec9-290cbfebe4c3,2025-11-29,6f168c2c-529c-4ec8-9932-90d1b493cf87,EXPENSE,Food,Groceries,1119,UPI,Grocery store,false,true,
8b0772cd-018f-412e-ab96-f382117fcc01,2025-11-29,6f168c2c-529c-4ec8-9932-90d1b493cf87,EXPENSE,Dining,Restaurant or delivery,435,UPI,Food outlet,false,false,
d3deaf7d-a281-4a18-a213-5bfa57e6f746,2025-11-30,6f168c2c-529c-4ec8-9932-90d1b493cf87,EXPENSE,Healthcare,Medicine or consultation,2213,Card,Healthcare provider,false,true,
2c7036da-94c0-4daa-a250-51c9d8c88878,2025-12-01,6f168c2c-529c-4ec8-9932-90d1b493cf87,INCOME,Salary,Primary salary,85000,Bank transfer,Employer,true,true,
ab66488e-1bd5-4b12-ae68-c409e59a672f,2025-12-01,6f168c2c-529c-4ec8-9932-90d1b493cf87,EXPENSE,Dining,Restaurant or delivery,1143,UPI,Food outlet,false,false,
ac1bd6c9-9795-47bf-a957-7f52c68c6ba5,2025-12-02,6f168c2c-529c-4ec8-9932-90d1b493cf87,EXPENSE,Housing,Rent,22000,Bank transfer,Landlord,true,true,
b4484d4c-27de-4523-a6d3-cabb95067f29,2025-12-02,6f168c2c-529c-4ec8-9932-90d1b493cf87,EXPENSE,Food,Groceries,1082,UPI,Grocery store,false,true,
37cb5b85-2e89-4956-a385-6f11b674c8ba,2025-12-02,6f168c2c-529c-4ec8-9932-90d1b493cf87,EXPENSE,Transport,Commute,305,UPI,Local transport,false,true,
463d79ea-5aa6-4493-a00d-b863a7709f40,2025-12-03,6f168c2c-529c-4ec8-9932-90d1b493cf87,EXPENSE,Food,Groceries,1179,Card,Grocery store,false,true,
4f21a7d3-ec61-4f9e-a704-ab0432ec5c56,2025-12-03,6f168c2c-529c-4ec8-9932-90d1b493cf87,EXPENSE,Transport,Commute,292,UPI,Local transport,false,true,
50b0c44a-9b80-4b94-a3b6-8f85a70f3d41,2025-12-03,6f168c2c-529c-4ec8-9932-90d1b493cf87,EXPENSE,Dining,Restaurant or delivery,363,UPI,Food outlet,false,false,
db0e9468-40f3-41ae-aad8-485e4ca351dd,2025-12-04,6f168c2c-529c-4ec8-9932-90d1b493cf87,EXPENSE,Food,Groceries,394,UPI,Grocery store,false,true,
bef9be79-3bb4-4af2-a301-6a5a8dc43526,2025-12-04,6f168c2c-529c-4ec8-9932-90d1b493cf87,EXPENSE,Transport,Commute,150,UPI,Local transport,false,true,
7ea0831b-ce54-40f5-a849-291c55dad8b7,2025-12-05,6f168c2c-529c-4ec8-9932-90d1b493cf87,EXPENSE,Utilities,Electricity and water,3291,UPI,Utility provider,true,true,
9782ce04-64d5-4142-a47f-d3711bfa9a22,2025-12-05,6f168c2c-529c-4ec8-9932-90d1b493cf87,EXPENSE,Transport,Commute,158,UPI,Local transport,false,true,
169bc883-fcca-46ce-a0cc-4bd9e441a8f1,2025-12-06,6f168c2c-529c-4ec8-9932-90d1b493cf87,EXPENSE,Dining,Restaurant or delivery,1397,UPI,Food outlet,false,false,
a2783fe8-d4af-4825-a2c5-d6df618f3055,2025-12-07,6f168c2c-529c-4ec8-9932-90d1b493cf87,EXPENSE,Utilities,Internet,899,Card,Internet provider,true,true,
41c59351-8df3-4480-a640-0adcbdaffa57,2025-12-07,6f168c2c-529c-4ec8-9932-90d1b493cf87,EXPENSE,Food,Groceries,439,UPI,Grocery store,false,true,
aef2d879-9214-4500-a09f-f2cf0359f2cd,2025-12-07,6f168c2c-529c-4ec8-9932-90d1b493cf87,EXPENSE,Dining,Restaurant or delivery,506,UPI,Food outlet,false,false,
f6749957-a406-4b77-a73c-28b13aadfde6,2025-12-08,6f168c2c-529c-4ec8-9932-90d1b493cf87,EXPENSE,Subscriptions,Digital services,799,Card,Subscription services,true,false,
c5516c17-1172-4fca-a8dc-ae41046ecf0e,2025-12-08,6f168c2c-529c-4ec8-9932-90d1b493cf87,EXPENSE,Transport,Commute,217,UPI,Local transport,false,true,
1a96a83d-3248-441e-a161-3fd576dd6463,2025-12-09,6f168c2c-529c-4ec8-9932-90d1b493cf87,EXPENSE,Transport,Commute,393,UPI,Local transport,false,true,
38bc9de4-82f1-45bd-ac9c-a4f9d3df1f4d,2025-12-10,6f168c2c-529c-4ec8-9932-90d1b493cf87,EXPENSE,Debt,Loan payment,8000,Bank transfer,Loan account,true,true,
ea91b3d0-0437-4af2-a999-9e2c28997efb,2025-12-10,6f168c2c-529c-4ec8-9932-90d1b493cf87,EXPENSE,Transport,Commute,352,UPI,Local transport,false,true,
f6ec080f-dd79-4ca7-ad76-54c9adf68adc,2025-12-10,6f168c2c-529c-4ec8-9932-90d1b493cf87,EXPENSE,Shopping,Personal purchase,3188,Card,Retail store,false,false,
4c996f24-6a88-4a11-a7ca-2df236cfc6ca,2025-12-11,6f168c2c-529c-4ec8-9932-90d1b493cf87,EXPENSE,Food,Groceries,402,UPI,Grocery store,false,true,
be3265b2-e418-4d1f-a912-8e35b1fc9a0b,2025-12-11,6f168c2c-529c-4ec8-9932-90d1b493cf87,EXPENSE,Transport,Commute,249,Cash,Local transport,false,true,
1b5b0ced-9320-4008-a463-a3cd329c60c7,2025-12-11,6f168c2c-529c-4ec8-9932-90d1b493cf87,EXPENSE,Dining,Restaurant or delivery,819,UPI,Food outlet,false,false,
784dd224-a906-4ab9-a990-72c53950805e,2025-12-12,6f168c2c-529c-4ec8-9932-90d1b493cf87,EXPENSE,Food,Groceries,1096,UPI,Grocery store,false,true,
baf22d9b-b173-4189-a834-a371f7f0a416,2025-12-12,6f168c2c-529c-4ec8-9932-90d1b493cf87,EXPENSE,Transport,Commute,158,UPI,Local transport,false,true,
f42972c5-7493-44ff-a3bf-98c61dba43e8,2025-12-14,6f168c2c-529c-4ec8-9932-90d1b493cf87,EXPENSE,Dining,Restaurant or delivery,555,UPI,Food outlet,false,false,
e78ec8bc-e8d3-4f20-a36b-a11aadba8a1a,2025-12-15,6f168c2c-529c-4ec8-9932-90d1b493cf87,EXPENSE,Transport,Commute,149,UPI,Local transport,false,true,
a20fd841-facc-49db-a041-92fdb2745034,2025-12-16,6f168c2c-529c-4ec8-9932-90d1b493cf87,EXPENSE,Transport,Commute,406,UPI,Local transport,false,true,
7e55d2c7-f604-4f39-aad8-425b2c2638fe,2025-12-17,6f168c2c-529c-4ec8-9932-90d1b493cf87,EXPENSE,Food,Groceries,947,UPI,Grocery store,false,true,
74d1fa5c-d143-43b2-a18d-0a4d7427e472,2025-12-17,6f168c2c-529c-4ec8-9932-90d1b493cf87,EXPENSE,Shopping,Personal purchase,664,Card,Retail store,false,false,
0876963a-d3c8-49ba-af68-acbd93695194,2025-12-18,6f168c2c-529c-4ec8-9932-90d1b493cf87,EXPENSE,Food,Groceries,443,UPI,Grocery store,false,true,
776a0fe7-97c1-4687-a82e-b83bc51eaae4,2025-12-18,6f168c2c-529c-4ec8-9932-90d1b493cf87,EXPENSE,Transport,Commute,192,UPI,Local transport,false,true,
13525dc4-e989-41bd-a919-2a10dbba5140,2025-12-19,6f168c2c-529c-4ec8-9932-90d1b493cf87,EXPENSE,Food,Groceries,404,Card,Grocery store,false,true,
3ccd76a0-7d05-49b5-ac9e-d3a53bfa377e,2025-12-19,6f168c2c-529c-4ec8-9932-90d1b493cf87,EXPENSE,Transport,Commute,314,UPI,Local transport,false,true,
58835c68-4b5b-47c1-a4b6-009d4602ee54,2025-12-19,6f168c2c-529c-4ec8-9932-90d1b493cf87,EXPENSE,Education,Course or materials,1522,UPI,Education provider,false,true,
e6905497-78e3-4d17-ae19-107e7105f479,2025-12-20,6f168c2c-529c-4ec8-9932-90d1b493cf87,EXPENSE,Food,Groceries,483,Card,Grocery store,false,true,
cfe2a88f-581c-410a-a226-7c7221f88b7a,2025-12-21,6f168c2c-529c-4ec8-9932-90d1b493cf87,EXPENSE,Dining,Restaurant or delivery,735,UPI,Food outlet,false,false,
332a4e0f-5404-44ef-ade4-bd25e34e9ee7,2025-12-22,6f168c2c-529c-4ec8-9932-90d1b493cf87,EXPENSE,Transport,Commute,105,UPI,Local transport,false,true,
b6e582fe-18d8-45d0-a4ad-9e70e58ab5de,2025-12-23,6f168c2c-529c-4ec8-9932-90d1b493cf87,EXPENSE,Food,Groceries,856,UPI,Grocery store,false,true,
7fd83e72-9e91-44dc-a254-52d1023eb29a,2025-12-23,6f168c2c-529c-4ec8-9932-90d1b493cf87,EXPENSE,Transport,Commute,195,UPI,Local transport,false,true,
ee76bcab-e1cb-4377-a160-2323b39f9fec,2025-12-24,6f168c2c-529c-4ec8-9932-90d1b493cf87,EXPENSE,Transport,Commute,97,UPI,Local transport,false,true,
e449c2cb-d806-4965-aeb7-5dc08ae9b073,2025-12-25,6f168c2c-529c-4ec8-9932-90d1b493cf87,EXPENSE,Transport,Commute,180,UPI,Local transport,false,true,
eb691b4c-8070-43d1-a667-35e1d01c87a3,2025-12-26,6f168c2c-529c-4ec8-9932-90d1b493cf87,EXPENSE,Food,Groceries,556,UPI,Grocery store,false,true,
6bd4beba-dd0e-411a-ae26-59a2a9f4dd83,2025-12-27,6f168c2c-529c-4ec8-9932-90d1b493cf87,EXPENSE,Dining,Restaurant or delivery,607,UPI,Food outlet,false,false,
c457ee44-664b-4f73-aba7-9e07c3dc6544,2025-12-28,6f168c2c-529c-4ec8-9932-90d1b493cf87,EXPENSE,Dining,Restaurant or delivery,1350,UPI,Food outlet,false,false,
6311b122-3348-446e-a844-b20eca5fc1bb,2025-12-28,6f168c2c-529c-4ec8-9932-90d1b493cf87,EXPENSE,Entertainment,Leisure,800,UPI,Entertainment venue,false,false,
669990a0-88b9-4930-aec7-b85c1e52734d,2025-12-29,6f168c2c-529c-4ec8-9932-90d1b493cf87,EXPENSE,Food,Groceries,323,UPI,Grocery store,false,true,
a923af07-a660-4ca7-aea4-9b258e54b82e,2025-12-29,6f168c2c-529c-4ec8-9932-90d1b493cf87,EXPENSE,Transport,Commute,96,UPI,Local transport,false,true,
f341f050-e362-47a7-a5b7-ff023a17def6,2025-12-30,6f168c2c-529c-4ec8-9932-90d1b493cf87,EXPENSE,Transport,Commute,329,Cash,Local transport,false,true,
d009f24e-7b44-4408-a4d1-f39309c4af0f,2025-12-31,6f168c2c-529c-4ec8-9932-90d1b493cf87,EXPENSE,Transport,Commute,375,UPI,Local transport,false,true,
435f50e0-da8d-4cb9-ac7c-9b1aa238af6e,2026-01-01,6f168c2c-529c-4ec8-9932-90d1b493cf87,INCOME,Salary,Primary salary,85000,Bank transfer,Employer,true,true,
7612fd43-8755-46a6-a73f-91170df8a05a,2026-01-01,6f168c2c-529c-4ec8-9932-90d1b493cf87,EXPENSE,Food,Groceries,998,UPI,Grocery store,false,true,
4971f888-d5a1-4cd3-a9ca-7e862f430e14,2026-01-01,6f168c2c-529c-4ec8-9932-90d1b493cf87,EXPENSE,Transport,Commute,121,UPI,Local transport,false,true,
73df0dab-0ce3-43e2-a5cd-7b654b9e14ee,2026-01-02,6f168c2c-529c-4ec8-9932-90d1b493cf87,EXPENSE,Housing,Rent,22000,Bank transfer,Landlord,true,true,
6e660b35-ae57-4e82-a2c8-dc63d48201de,2026-01-02,6f168c2c-529c-4ec8-9932-90d1b493cf87,EXPENSE,Transport,Commute,375,Cash,Local transport,false,true,
020dfdb6-34b4-4ad8-ac9a-b7621ee709ac,2026-01-03,6f168c2c-529c-4ec8-9932-90d1b493cf87,EXPENSE,Food,Groceries,412,UPI,Grocery store,false,true,
38da69cc-9870-4278-a1f4-ddea64e5e21d,2026-01-03,6f168c2c-529c-4ec8-9932-90d1b493cf87,EXPENSE,Dining,Restaurant or delivery,888,UPI,Food outlet,false,false,
d1dd39ba-db5d-4e3e-a940-83c4339400fe,2026-01-04,6f168c2c-529c-4ec8-9932-90d1b493cf87,EXPENSE,Dining,Restaurant or delivery,1029,UPI,Food outlet,false,false,
7bdade3a-5b90-45e9-a720-db1c6291c2d5,2026-01-05,6f168c2c-529c-4ec8-9932-90d1b493cf87,EXPENSE,Utilities,Electricity and water,3846,UPI,Utility provider,true,true,
ac5f7fce-55a9-4381-a74b-1543f1a32f34,2026-01-05,6f168c2c-529c-4ec8-9932-90d1b493cf87,EXPENSE,Food,Groceries,489,UPI,Grocery store,false,true,
af467d05-55b4-4496-a17a-620c336519c1,2026-01-05,6f168c2c-529c-4ec8-9932-90d1b493cf87,EXPENSE,Transport,Commute,307,UPI,Local transport,false,true,
c019871b-f02a-411a-a2ce-7370f39bc2a5,2026-01-07,6f168c2c-529c-4ec8-9932-90d1b493cf87,EXPENSE,Utilities,Internet,899,Card,Internet provider,true,true,
441dc738-4475-49e9-acac-842bc49aaa5e,2026-01-07,6f168c2c-529c-4ec8-9932-90d1b493cf87,EXPENSE,Food,Groceries,436,UPI,Grocery store,false,true,
404e3a15-6a2f-411d-a088-df7f46e3b028,2026-01-07,6f168c2c-529c-4ec8-9932-90d1b493cf87,EXPENSE,Transport,Commute,159,UPI,Local transport,false,true,
32ef9c36-868b-4383-a240-7d48f762989e,2026-01-08,6f168c2c-529c-4ec8-9932-90d1b493cf87,EXPENSE,Subscriptions,Digital services,799,Card,Subscription services,true,false,
e212cef6-fcc5-46a2-aef3-d2f45d9051bd,2026-01-08,6f168c2c-529c-4ec8-9932-90d1b493cf87,EXPENSE,Transport,Commute,232,UPI,Local transport,false,true,
2abce7bf-87f7-4604-a9f1-aaa7af2a5afe,2026-01-09,6f168c2c-529c-4ec8-9932-90d1b493cf87,EXPENSE,Food,Groceries,1169,UPI,Grocery store,false,true,
27963f25-a652-4118-a0e0-8d205e56338a,2026-01-09,6f168c2c-529c-4ec8-9932-90d1b493cf87,EXPENSE,Transport,Commute,343,UPI,Local transport,false,true,
60b41545-4568-4351-a2da-1925439d6c9f,2026-01-10,6f168c2c-529c-4ec8-9932-90d1b493cf87,EXPENSE,Debt,Loan payment,8000,Bank transfer,Loan account,true,true,
ae961363-b1be-48d7-a503-d4cf01987d64,2026-01-11,6f168c2c-529c-4ec8-9932-90d1b493cf87,EXPENSE,Food,Groceries,371,UPI,Grocery store,false,true,
03fd1c4c-9afb-41f4-a705-9b3db6f9ef84,2026-01-11,6f168c2c-529c-4ec8-9932-90d1b493cf87,EXPENSE,Dining,Restaurant or delivery,844,UPI,Food outlet,false,false,
156fc8ef-2f28-4b9b-a27d-405805935152,2026-01-12,6f168c2c-529c-4ec8-9932-90d1b493cf87,EXPENSE,Food,Groceries,1080,UPI,Grocery store,false,true,
073a1bdb-f5ac-478b-a1e0-b4d48c9303b0,2026-01-12,6f168c2c-529c-4ec8-9932-90d1b493cf87,EXPENSE,Transport,Commute,216,UPI,Local transport,false,true,
28a41a19-1b53-495b-a936-31c0e38ecfaf,2026-01-12,6f168c2c-529c-4ec8-9932-90d1b493cf87,EXPENSE,Education,Course or materials,1772,UPI,Education provider,false,true,
48788dfa-cfaa-4113-a3e7-4dd757199fab,2026-01-13,6f168c2c-529c-4ec8-9932-90d1b493cf87,EXPENSE,Food,Groceries,1131,UPI,Grocery store,false,true,
a340b7f2-bd51-4c9d-ab30-d364beea09f3,2026-01-14,6f168c2c-529c-4ec8-9932-90d1b493cf87,EXPENSE,Transport,Commute,364,UPI,Local transport,false,true,
3d81dfa4-233e-41aa-a047-dc52f1d0247e,2026-01-15,6f168c2c-529c-4ec8-9932-90d1b493cf87,EXPENSE,Food,Groceries,261,UPI,Grocery store,false,true,
96268ab6-82c6-41f5-aca5-603e8d044647,2026-01-16,6f168c2c-529c-4ec8-9932-90d1b493cf87,EXPENSE,Food,Groceries,392,UPI,Grocery store,false,true,
491646f5-28f8-4d3b-aac2-176e5d89f3ca,2026-01-16,6f168c2c-529c-4ec8-9932-90d1b493cf87,EXPENSE,Transport,Commute,131,UPI,Local transport,false,true,
c6a08d4c-ed5a-4e44-affd-8e08ab196fbc,2026-01-18,6f168c2c-529c-4ec8-9932-90d1b493cf87,INCOME,Freelance,Project payment,7569,UPI,Freelance client,false,true,
058d4c83-32a0-43e7-a987-3331a5148ded,2026-01-18,6f168c2c-529c-4ec8-9932-90d1b493cf87,EXPENSE,Food,Groceries,528,UPI,Grocery store,false,true,
83f6d627-2286-4155-af3a-170a61afc3b6,2026-01-18,6f168c2c-529c-4ec8-9932-90d1b493cf87,EXPENSE,Entertainment,Leisure,1066,UPI,Entertainment venue,false,false,
59b04827-ddad-44bf-ac7f-cd0ab38f2128,2026-01-19,6f168c2c-529c-4ec8-9932-90d1b493cf87,EXPENSE,Transport,Commute,184,UPI,Local transport,false,true,
0dc44a69-abf7-4663-a0da-7296f0f41532,2026-01-20,6f168c2c-529c-4ec8-9932-90d1b493cf87,EXPENSE,Food,Groceries,467,Card,Grocery store,false,true,
10fbdd88-7b7c-4ca5-acb4-ca0f0e140f83,2026-01-20,6f168c2c-529c-4ec8-9932-90d1b493cf87,EXPENSE,Transport,Commute,339,Cash,Local transport,false,true,
b6d57303-e7ad-4839-a9dc-79b7359e2fed,2026-01-21,6f168c2c-529c-4ec8-9932-90d1b493cf87,EXPENSE,Transport,Commute,185,UPI,Local transport,false,true,
6aed0218-a4b6-4b6d-a1a4-c6daf373aeb4,2026-01-22,6f168c2c-529c-4ec8-9932-90d1b493cf87,EXPENSE,Food,Groceries,840,Card,Grocery store,false,true,
75b388a1-04bd-4d7a-a6e6-801a46de6c39,2026-01-22,6f168c2c-529c-4ec8-9932-90d1b493cf87,EXPENSE,Transport,Commute,183,Cash,Local transport,false,true,
8f750215-9334-411e-a183-5201b235482d,2026-01-25,6f168c2c-529c-4ec8-9932-90d1b493cf87,EXPENSE,Food,Groceries,684,UPI,Grocery store,false,true,
9794919b-7808-40bb-a264-4a9a18807878,2026-01-25,6f168c2c-529c-4ec8-9932-90d1b493cf87,EXPENSE,Dining,Restaurant or delivery,1409,UPI,Food outlet,false,false,
78381b62-f90e-4150-abbb-5881580f224f,2026-01-26,6f168c2c-529c-4ec8-9932-90d1b493cf87,EXPENSE,Food,Groceries,1136,Card,Grocery store,false,true,
b90df7b5-c249-4e1a-a417-7c12c9a23641,2026-01-26,6f168c2c-529c-4ec8-9932-90d1b493cf87,EXPENSE,Transport,Commute,373,UPI,Local transport,false,true,
41c6005b-71cc-464b-adc2-c236b0599f36,2026-01-27,6f168c2c-529c-4ec8-9932-90d1b493cf87,EXPENSE,Food,Groceries,275,UPI,Grocery store,false,true,
147a463b-acbc-4bff-a571-d9ebc337a181,2026-01-27,6f168c2c-529c-4ec8-9932-90d1b493cf87,EXPENSE,Transport,Commute,99,UPI,Local transport,false,true,
483c98c5-bfcb-4c72-a70e-3968406e7301,2026-01-28,6f168c2c-529c-4ec8-9932-90d1b493cf87,EXPENSE,Transport,Commute,377,UPI,Local transport,false,true,
d9723207-acd1-45ad-a057-e27ad036752a,2026-01-29,6f168c2c-529c-4ec8-9932-90d1b493cf87,EXPENSE,Food,Groceries,1037,Card,Grocery store,false,true,
93275f20-b22d-4f38-a738-ec1465064214,2026-01-30,6f168c2c-529c-4ec8-9932-90d1b493cf87,EXPENSE,Transport,Commute,149,UPI,Local transport,false,true,
4e0b3446-3d01-4206-a1f1-4d888a9fc7b6,2026-01-30,6f168c2c-529c-4ec8-9932-90d1b493cf87,EXPENSE,Shopping,Personal purchase,1012,Card,Retail store,false,false,
442ab392-88c7-4879-ad21-fd59bc98a400,2026-01-30,6f168c2c-529c-4ec8-9932-90d1b493cf87,EXPENSE,Education,Course or materials,2171,UPI,Education provider,false,true,
b18ef530-8153-4f37-aa3a-7cd16d315e0a,2026-01-31,6f168c2c-529c-4ec8-9932-90d1b493cf87,EXPENSE,Food,Groceries,277,UPI,Grocery store,false,true,
a153d6a7-067d-4ed5-a2a5-e7d7433cd3fc,2026-01-31,6f168c2c-529c-4ec8-9932-90d1b493cf87,EXPENSE,Dining,Restaurant or delivery,1139,UPI,Food outlet,false,false,
d74d44b7-bb76-487d-a041-f134ebd87db0,2026-01-31,6f168c2c-529c-4ec8-9932-90d1b493cf87,EXPENSE,Entertainment,Leisure,1460,UPI,Entertainment venue,false,false,
3cd674ce-8dea-455b-a480-94399a16c548,2026-02-01,6f168c2c-529c-4ec8-9932-90d1b493cf87,INCOME,Salary,Primary salary,85000,Bank transfer,Employer,true,true,
4b947615-8d5f-487f-a344-f2e2e099e1b4,2026-02-02,6f168c2c-529c-4ec8-9932-90d1b493cf87,EXPENSE,Housing,Rent,22000,Bank transfer,Landlord,true,true,
afb999f2-973b-4f28-a160-5849e2fde47d,2026-02-02,6f168c2c-529c-4ec8-9932-90d1b493cf87,EXPENSE,Food,Groceries,466,UPI,Grocery store,false,true,
eebeaf5e-982c-41e4-a221-d276019e9770,2026-02-02,6f168c2c-529c-4ec8-9932-90d1b493cf87,EXPENSE,Transport,Commute,394,UPI,Local transport,false,true,
596f4d14-a9bb-411e-a941-847393dedbee,2026-02-03,6f168c2c-529c-4ec8-9932-90d1b493cf87,EXPENSE,Food,Groceries,624,Card,Grocery store,false,true,
fbf49ccd-e1e2-47fd-a2c0-71027e5fac98,2026-02-04,6f168c2c-529c-4ec8-9932-90d1b493cf87,EXPENSE,Transport,Commute,336,UPI,Local transport,false,true,
0b79ee69-44f3-44c5-a515-d1ec646b51dc,2026-02-05,6f168c2c-529c-4ec8-9932-90d1b493cf87,EXPENSE,Utilities,Electricity and water,3313,UPI,Utility provider,true,true,
b1211d69-7eb8-407e-aa2a-906ca6f853e0,2026-02-05,6f168c2c-529c-4ec8-9932-90d1b493cf87,EXPENSE,Transport,Commute,281,Cash,Local transport,false,true,
06b4bbab-14c2-4d9c-a84c-1dc04b2408ba,2026-02-06,6f168c2c-529c-4ec8-9932-90d1b493cf87,EXPENSE,Transport,Commute,169,UPI,Local transport,false,true,
85872767-80e4-4543-a4cf-46eecdfd64f5,2026-02-07,6f168c2c-529c-4ec8-9932-90d1b493cf87,EXPENSE,Utilities,Internet,899,Card,Internet provider,true,true,
889f026b-fa23-4a5c-a384-39c84cba78b8,2026-02-07,6f168c2c-529c-4ec8-9932-90d1b493cf87,EXPENSE,Entertainment,Leisure,1324,UPI,Entertainment venue,false,false,
ce13c366-ee31-47e4-a04b-08f10f59cee3,2026-02-08,6f168c2c-529c-4ec8-9932-90d1b493cf87,EXPENSE,Subscriptions,Digital services,799,Card,Subscription services,true,false,
5e0dfc5c-90c2-48a9-a840-0873e763d9fa,2026-02-09,6f168c2c-529c-4ec8-9932-90d1b493cf87,EXPENSE,Food,Groceries,794,UPI,Grocery store,false,true,
a0350809-532b-4960-ae29-626647d0a33a,2026-02-09,6f168c2c-529c-4ec8-9932-90d1b493cf87,EXPENSE,Transport,Commute,307,UPI,Local transport,false,true,
5f6b9bca-c377-4ab8-a2ac-0de93a041061,2026-02-10,6f168c2c-529c-4ec8-9932-90d1b493cf87,EXPENSE,Debt,Loan payment,8000,Bank transfer,Loan account,true,true,
dfa1c126-d888-4682-acb0-6eb8621a8c2b,2026-02-10,6f168c2c-529c-4ec8-9932-90d1b493cf87,EXPENSE,Transport,Commute,127,UPI,Local transport,false,true,
a39fbb0c-4096-4bc3-ada7-74e57eba2697,2026-02-11,6f168c2c-529c-4ec8-9932-90d1b493cf87,EXPENSE,Food,Groceries,691,UPI,Grocery store,false,true,
2a1d9f0c-7aad-478a-a85e-8d3f733165f0,2026-02-11,6f168c2c-529c-4ec8-9932-90d1b493cf87,EXPENSE,Transport,Commute,232,UPI,Local transport,false,true,
ee410fd9-fb9b-4336-a42e-a5eb8b9b18e3,2026-02-12,6f168c2c-529c-4ec8-9932-90d1b493cf87,EXPENSE,Transport,Commute,290,UPI,Local transport,false,true,
ce69cbe5-5969-4a69-a0e6-7447f92a7f97,2026-02-13,6f168c2c-529c-4ec8-9932-90d1b493cf87,EXPENSE,Food,Groceries,700,Card,Grocery store,false,true,
48b57a3a-0131-4691-a585-69f18905d17c,2026-02-13,6f168c2c-529c-4ec8-9932-90d1b493cf87,EXPENSE,Transport,Commute,295,UPI,Local transport,false,true,
75fd4368-f50b-43d8-a7e1-02e67d58939d,2026-02-14,6f168c2c-529c-4ec8-9932-90d1b493cf87,EXPENSE,Food,Groceries,755,Card,Grocery store,false,true,
8f233279-b08e-4be5-a869-b6b4a3535e60,2026-02-14,6f168c2c-529c-4ec8-9932-90d1b493cf87,EXPENSE,Dining,Restaurant or delivery,555,UPI,Food outlet,false,false,
4d37fb58-9b35-4901-abf9-a25e85caa8d5,2026-02-15,6f168c2c-529c-4ec8-9932-90d1b493cf87,EXPENSE,Dining,Restaurant or delivery,746,UPI,Food outlet,false,false,
ac3f96d8-5e07-4bda-ae8a-10196b3d1835,2026-02-15,6f168c2c-529c-4ec8-9932-90d1b493cf87,EXPENSE,Entertainment,Leisure,507,UPI,Entertainment venue,false,false,
833558ff-3b22-4d9a-a270-6cf19b5fdb37,2026-02-16,6f168c2c-529c-4ec8-9932-90d1b493cf87,EXPENSE,Transport,Commute,102,UPI,Local transport,false,true,
8893ec94-b98d-4d8b-ad57-25c412ff95a7,2026-02-17,6f168c2c-529c-4ec8-9932-90d1b493cf87,EXPENSE,Transport,Commute,229,UPI,Local transport,false,true,
8e532660-8db5-4d27-a2ef-daec245bcf32,2026-02-18,6f168c2c-529c-4ec8-9932-90d1b493cf87,EXPENSE,Food,Groceries,1159,UPI,Grocery store,false,true,
5de80684-ff59-49fa-aad7-d47cf36fb488,2026-02-18,6f168c2c-529c-4ec8-9932-90d1b493cf87,EXPENSE,Transport,Commute,394,UPI,Local transport,false,true,
9c989437-fe3d-42af-a942-662940b1c41a,2026-02-18,6f168c2c-529c-4ec8-9932-90d1b493cf87,EXPENSE,Shopping,Personal purchase,1721,Card,Retail store,false,false,
6ffb65be-a23b-4f69-a10a-67f304913017,2026-02-19,6f168c2c-529c-4ec8-9932-90d1b493cf87,EXPENSE,Food,Groceries,679,UPI,Grocery store,false,true,
6535295b-3025-4109-af77-4c74aed7c2e7,2026-02-19,6f168c2c-529c-4ec8-9932-90d1b493cf87,EXPENSE,Transport,Commute,390,Cash,Local transport,false,true,
e73f2ee2-45b6-4ab0-adac-58d8a0955e91,2026-02-20,6f168c2c-529c-4ec8-9932-90d1b493cf87,EXPENSE,Food,Groceries,788,UPI,Grocery store,false,true,
bf6d0bc3-f790-47e9-a8fd-65ec0129d2e2,2026-02-20,6f168c2c-529c-4ec8-9932-90d1b493cf87,EXPENSE,Transport,Commute,128,UPI,Local transport,false,true,
885405fb-21a8-4a82-a746-817cc4c34b8f,2026-02-21,6f168c2c-529c-4ec8-9932-90d1b493cf87,EXPENSE,Food,Groceries,387,UPI,Grocery store,false,true,
984847cc-9f94-493d-a181-977cd7246f34,2026-02-21,6f168c2c-529c-4ec8-9932-90d1b493cf87,EXPENSE,Entertainment,Leisure,702,UPI,Entertainment venue,false,false,
dbbd2ef2-0f3f-4b5c-a274-6015af25193d,2026-02-22,6f168c2c-529c-4ec8-9932-90d1b493cf87,EXPENSE,Entertainment,Leisure,744,UPI,Entertainment venue,false,false,
15ed883f-d70c-4dff-ae4e-5e1d15ad8f5e,2026-02-23,6f168c2c-529c-4ec8-9932-90d1b493cf87,EXPENSE,Food,Groceries,630,UPI,Grocery store,false,true,
75c5fe15-dff2-43ff-ae1a-035f3b091c4b,2026-02-23,6f168c2c-529c-4ec8-9932-90d1b493cf87,EXPENSE,Transport,Commute,372,UPI,Local transport,false,true,
5d998d7d-123a-4c61-a224-a8e9fa39b91c,2026-02-24,6f168c2c-529c-4ec8-9932-90d1b493cf87,EXPENSE,Food,Groceries,318,Card,Grocery store,false,true,
4b0b14df-23a4-4132-a365-a6aa24b74329,2026-02-24,6f168c2c-529c-4ec8-9932-90d1b493cf87,EXPENSE,Education,Course or materials,630,UPI,Education provider,false,true,
d014166f-de35-4a5f-ab86-decee767a4c8,2026-02-25,6f168c2c-529c-4ec8-9932-90d1b493cf87,EXPENSE,Food,Groceries,357,Card,Grocery store,false,true,
c05653cb-d517-4a06-a957-b2bdac63b8b4,2026-02-25,6f168c2c-529c-4ec8-9932-90d1b493cf87,EXPENSE,Transport,Commute,392,UPI,Local transport,false,true,
d354e3b4-06d8-47d2-a3f6-b54cf3232815,2026-02-26,6f168c2c-529c-4ec8-9932-90d1b493cf87,EXPENSE,Transport,Commute,408,Cash,Local transport,false,true,
73181a3a-0dc9-4f7b-aedb-8503d7bc157e,2026-02-26,6f168c2c-529c-4ec8-9932-90d1b493cf87,EXPENSE,Dining,Restaurant or delivery,1095,UPI,Food outlet,false,false,
9b1969b5-db33-4292-a7ff-4261e5bbeb82,2026-02-27,6f168c2c-529c-4ec8-9932-90d1b493cf87,EXPENSE,Transport,Commute,350,UPI,Local transport,false,true,
b0170325-dd8d-4644-ae46-cd62280666d1,2026-03-01,6f168c2c-529c-4ec8-9932-90d1b493cf87,INCOME,Salary,Primary salary,85000,Bank transfer,Employer,true,true,
1d1882fe-4b80-4fa0-adf2-d2631f004f47,2026-03-02,6f168c2c-529c-4ec8-9932-90d1b493cf87,EXPENSE,Housing,Rent,22000,Bank transfer,Landlord,true,true,
381b4ac2-ad26-499d-acf3-b645f33b3402,2026-03-02,6f168c2c-529c-4ec8-9932-90d1b493cf87,EXPENSE,Food,Groceries,753,UPI,Grocery store,false,true,
478dc8f1-5640-407c-a994-bdc0bf254275,2026-03-02,6f168c2c-529c-4ec8-9932-90d1b493cf87,EXPENSE,Transport,Commute,175,UPI,Local transport,false,true,
9f6b592e-3e3c-4ba2-a9a8-116a42c0b64d,2026-03-03,6f168c2c-529c-4ec8-9932-90d1b493cf87,EXPENSE,Food,Groceries,433,UPI,Grocery store,false,true,
96e4d635-4d26-455c-a047-fd7102ac6601,2026-03-03,6f168c2c-529c-4ec8-9932-90d1b493cf87,EXPENSE,Transport,Commute,251,UPI,Local transport,false,true,
6c31ab80-bc67-48ee-a22d-1d5027ac5caa,2026-03-04,6f168c2c-529c-4ec8-9932-90d1b493cf87,EXPENSE,Transport,Commute,415,UPI,Local transport,false,true,
f9ada425-78d7-4d24-a638-59ec1f97d19c,2026-03-05,6f168c2c-529c-4ec8-9932-90d1b493cf87,EXPENSE,Utilities,Electricity and water,3825,UPI,Utility provider,true,true,
60eee3d8-9b64-4d6b-a588-f65a65df83b4,2026-03-05,6f168c2c-529c-4ec8-9932-90d1b493cf87,EXPENSE,Food,Groceries,337,Card,Grocery store,false,true,
63c4edb4-4ca0-4eb3-ac21-553cbc3d78ff,2026-03-05,6f168c2c-529c-4ec8-9932-90d1b493cf87,EXPENSE,Transport,Commute,174,UPI,Local transport,false,true,
b013977e-0cd8-4e65-a7e4-919218af390a,2026-03-06,6f168c2c-529c-4ec8-9932-90d1b493cf87,EXPENSE,Food,Groceries,553,UPI,Grocery store,false,true,
02baf8a3-1030-4070-a608-3accd67881be,2026-03-06,6f168c2c-529c-4ec8-9932-90d1b493cf87,EXPENSE,Transport,Commute,300,Cash,Local transport,false,true,
f7af65eb-f2e7-4c73-a0a9-14b8b31c749c,2026-03-07,6f168c2c-529c-4ec8-9932-90d1b493cf87,EXPENSE,Utilities,Internet,899,Card,Internet provider,true,true,
4efdcaee-3a60-41e0-a8e3-1c3e5774fecd,2026-03-07,6f168c2c-529c-4ec8-9932-90d1b493cf87,EXPENSE,Dining,Restaurant or delivery,448,UPI,Food outlet,false,false,
a5f912c5-7966-4edc-a668-df0d3b4425fd,2026-03-08,6f168c2c-529c-4ec8-9932-90d1b493cf87,EXPENSE,Subscriptions,Digital services,799,Card,Subscription services,true,false,
19b81fe8-1a79-4ad5-a01c-4d8ace090b18,2026-03-08,6f168c2c-529c-4ec8-9932-90d1b493cf87,EXPENSE,Dining,Restaurant or delivery,321,UPI,Food outlet,false,false,
b0b34813-a46a-4b8d-a419-5f5d330381a3,2026-03-09,6f168c2c-529c-4ec8-9932-90d1b493cf87,EXPENSE,Food,Groceries,956,Card,Grocery store,false,true,
522a5eda-583b-4298-ac64-817f850b02cd,2026-03-09,6f168c2c-529c-4ec8-9932-90d1b493cf87,EXPENSE,Transport,Commute,316,UPI,Local transport,false,true,
60396016-d048-4d79-ad5f-5ed63eccfae1,2026-03-10,6f168c2c-529c-4ec8-9932-90d1b493cf87,EXPENSE,Debt,Loan payment,8000,Bank transfer,Loan account,true,true,
58e4c402-c8a4-4dc2-a839-d2a948d1d404,2026-03-10,6f168c2c-529c-4ec8-9932-90d1b493cf87,EXPENSE,Food,Groceries,905,Card,Grocery store,false,true,
c28060b0-28cc-4deb-a7b3-16f078f90050,2026-03-10,6f168c2c-529c-4ec8-9932-90d1b493cf87,EXPENSE,Transport,Commute,101,UPI,Local transport,false,true,
44e2fd57-7734-4605-a7cb-861fabaf15d9,2026-03-12,6f168c2c-529c-4ec8-9932-90d1b493cf87,EXPENSE,Food,Groceries,916,UPI,Grocery store,false,true,
920cf7b5-93eb-46e2-aed4-c0afba839ebd,2026-03-12,6f168c2c-529c-4ec8-9932-90d1b493cf87,EXPENSE,Transport,Commute,103,UPI,Local transport,false,true,
01cc3a3b-3e3d-468a-acc8-31043b3481c7,2026-03-13,6f168c2c-529c-4ec8-9932-90d1b493cf87,EXPENSE,Food,Groceries,614,Card,Grocery store,false,true,
22391888-8f34-463d-add3-946f5fe205d8,2026-03-13,6f168c2c-529c-4ec8-9932-90d1b493cf87,EXPENSE,Transport,Commute,311,UPI,Local transport,false,true,
66bdc61d-e391-4ebc-ab6c-3e6b3721dd56,2026-03-15,6f168c2c-529c-4ec8-9932-90d1b493cf87,EXPENSE,Food,Groceries,465,Card,Grocery store,false,true,
81bb0fc5-8a71-4f24-a353-85d13e746bdc,2026-03-16,6f168c2c-529c-4ec8-9932-90d1b493cf87,EXPENSE,Food,Groceries,1046,UPI,Grocery store,false,true,
bbf939ac-8cb4-4c9a-aa7e-c73c53fb8e75,2026-03-16,6f168c2c-529c-4ec8-9932-90d1b493cf87,EXPENSE,Transport,Commute,140,UPI,Local transport,false,true,
bc6d69b8-4cfd-462b-a4ac-85007b96d98f,2026-03-17,6f168c2c-529c-4ec8-9932-90d1b493cf87,EXPENSE,Transport,Commute,128,UPI,Local transport,false,true,
3e3079e5-02fc-484f-ad36-0aedfdb1fd55,2026-03-18,6f168c2c-529c-4ec8-9932-90d1b493cf87,INCOME,Freelance,Project payment,8408,UPI,Freelance client,false,true,
91b07e59-c75d-430a-aac2-d67b603247e5,2026-03-18,6f168c2c-529c-4ec8-9932-90d1b493cf87,EXPENSE,Transport,Commute,400,UPI,Local transport,false,true,
57fe7f8b-d743-416c-acd0-ff09295e0e07,2026-03-19,6f168c2c-529c-4ec8-9932-90d1b493cf87,EXPENSE,Food,Groceries,880,UPI,Grocery store,false,true,
8d10c001-1e6e-416e-a9f0-2a444489a187,2026-03-19,6f168c2c-529c-4ec8-9932-90d1b493cf87,EXPENSE,Transport,Commute,137,UPI,Local transport,false,true,
f49fafd3-83d8-433d-a8c9-06997835883a,2026-03-20,6f168c2c-529c-4ec8-9932-90d1b493cf87,EXPENSE,Food,Groceries,936,UPI,Grocery store,false,true,
90524c5c-d8fb-40b3-a590-11e25d5678cb,2026-03-20,6f168c2c-529c-4ec8-9932-90d1b493cf87,EXPENSE,Transport,Commute,398,UPI,Local transport,false,true,
7ab2d357-2472-44c3-aba3-e2116e8288c7,2026-03-21,6f168c2c-529c-4ec8-9932-90d1b493cf87,EXPENSE,Dining,Restaurant or delivery,851,UPI,Food outlet,false,false,
e36f6725-c3fa-44d8-af72-11e32bb66a95,2026-03-23,6f168c2c-529c-4ec8-9932-90d1b493cf87,EXPENSE,Food,Groceries,926,UPI,Grocery store,false,true,
17aa2df5-21dc-4cde-a298-2e4c5f365e37,2026-03-23,6f168c2c-529c-4ec8-9932-90d1b493cf87,EXPENSE,Transport,Commute,254,UPI,Local transport,false,true,
abccd8af-4733-4f15-a3e3-f316e9ca3429,2026-03-24,6f168c2c-529c-4ec8-9932-90d1b493cf87,EXPENSE,Transport,Commute,94,UPI,Local transport,false,true,
ee55518e-9667-496c-aa86-78ad8711cfe6,2026-03-25,6f168c2c-529c-4ec8-9932-90d1b493cf87,EXPENSE,Transport,Commute,247,UPI,Local transport,false,true,
31dd747d-df5d-4d8a-a1bd-5eb8ab5f8135,2026-03-26,6f168c2c-529c-4ec8-9932-90d1b493cf87,EXPENSE,Food,Groceries,537,UPI,Grocery store,false,true,
ae3e1182-c63e-4569-a642-8f0141059840,2026-03-26,6f168c2c-529c-4ec8-9932-90d1b493cf87,EXPENSE,Transport,Commute,241,Cash,Local transport,false,true,
665c7dfd-b017-4683-a456-bd24f2d12631,2026-03-26,6f168c2c-529c-4ec8-9932-90d1b493cf87,EXPENSE,Healthcare,Medicine or consultation,1198,Card,Healthcare provider,false,true,
421305ef-5d95-4a51-a038-3ac193211ade,2026-03-27,6f168c2c-529c-4ec8-9932-90d1b493cf87,EXPENSE,Transport,Commute,394,UPI,Local transport,false,true,
b154bfd8-523d-4182-aba6-663f9ebe144c,2026-03-29,6f168c2c-529c-4ec8-9932-90d1b493cf87,EXPENSE,Food,Groceries,933,UPI,Grocery store,false,true,
1b420339-89e7-4810-a355-550d5298df07,2026-03-30,6f168c2c-529c-4ec8-9932-90d1b493cf87,EXPENSE,Transport,Commute,383,UPI,Local transport,false,true,
dd5a3658-9e97-4088-a571-903efe415f53,2026-03-31,6f168c2c-529c-4ec8-9932-90d1b493cf87,EXPENSE,Transport,Commute,402,UPI,Local transport,false,true,
a4aab601-2f69-45fa-a515-e7564757f9e4,2026-04-01,6f168c2c-529c-4ec8-9932-90d1b493cf87,INCOME,Salary,Primary salary,88000,Bank transfer,Employer,true,true,
00d60f79-6252-4965-a7ec-401a7bd6943b,2026-04-01,6f168c2c-529c-4ec8-9932-90d1b493cf87,EXPENSE,Transport,Commute,147,UPI,Local transport,false,true,
87ebc0fe-dd8f-4bda-a730-3e1e0f35ec8f,2026-04-02,6f168c2c-529c-4ec8-9932-90d1b493cf87,EXPENSE,Housing,Rent,22000,Bank transfer,Landlord,true,true,
e16edc8b-a5e6-4cc8-a67f-8bd46a2941be,2026-04-02,6f168c2c-529c-4ec8-9932-90d1b493cf87,EXPENSE,Transport,Commute,229,UPI,Local transport,false,true,
55cbba0c-dece-480d-ad02-a90d326e2ed3,2026-04-03,6f168c2c-529c-4ec8-9932-90d1b493cf87,EXPENSE,Food,Groceries,1086,UPI,Grocery store,false,true,
bcc67496-4f49-4706-a08a-0f3f832f514e,2026-04-03,6f168c2c-529c-4ec8-9932-90d1b493cf87,EXPENSE,Transport,Commute,173,UPI,Local transport,false,true,
26e46925-e428-4936-abb4-47156331b1ec,2026-04-04,6f168c2c-529c-4ec8-9932-90d1b493cf87,EXPENSE,Dining,Restaurant or delivery,1114,UPI,Food outlet,false,false,
4dce1acd-5216-4306-a6ca-627de3c944ae,2026-04-04,6f168c2c-529c-4ec8-9932-90d1b493cf87,EXPENSE,Shopping,Personal purchase,2615,Card,Retail store,false,false,
699d6a3c-0037-48ac-aa5a-f1bdc7e82b0b,2026-04-05,6f168c2c-529c-4ec8-9932-90d1b493cf87,EXPENSE,Utilities,Electricity and water,3901,UPI,Utility provider,true,true,
98c8ebc1-0ff7-4cf3-a38a-37361011b047,2026-04-05,6f168c2c-529c-4ec8-9932-90d1b493cf87,EXPENSE,Food,Groceries,287,UPI,Grocery store,false,true,
4628c415-641e-47ab-a196-f22800c5daa1,2026-04-06,6f168c2c-529c-4ec8-9932-90d1b493cf87,EXPENSE,Transport,Commute,342,UPI,Local transport,false,true,
83a2a0ea-0593-4e7a-a556-abc6ea478043,2026-04-07,6f168c2c-529c-4ec8-9932-90d1b493cf87,EXPENSE,Utilities,Internet,899,Card,Internet provider,true,true,
9e7dad90-be2d-4e06-a35e-4d2aaa2a6fdd,2026-04-07,6f168c2c-529c-4ec8-9932-90d1b493cf87,EXPENSE,Transport,Commute,167,Cash,Local transport,false,true,
67a837cc-6bc4-4afa-a207-6d11a5c4d3a1,2026-04-08,6f168c2c-529c-4ec8-9932-90d1b493cf87,EXPENSE,Subscriptions,Digital services,799,Card,Subscription services,true,false,
f934de9f-df27-49a5-af86-4f2d3781443a,2026-04-08,6f168c2c-529c-4ec8-9932-90d1b493cf87,EXPENSE,Transport,Commute,301,Cash,Local transport,false,true,
05bf5843-8a9c-463a-ae98-2e4f9764db60,2026-04-09,6f168c2c-529c-4ec8-9932-90d1b493cf87,EXPENSE,Transport,Commute,257,Cash,Local transport,false,true,
d247acf9-b8ca-4074-a2ff-83afdd8bfeaa,2026-04-10,6f168c2c-529c-4ec8-9932-90d1b493cf87,EXPENSE,Debt,Loan payment,8000,Bank transfer,Loan account,true,true,
bdcd372f-e2f7-4a23-ad9c-5c337fa254f3,2026-04-10,6f168c2c-529c-4ec8-9932-90d1b493cf87,EXPENSE,Dining,Restaurant or delivery,1097,UPI,Food outlet,false,false,
5a59d687-0518-4be3-a9d0-2695484b0dac,2026-04-12,6f168c2c-529c-4ec8-9932-90d1b493cf87,EXPENSE,Food,Groceries,1080,UPI,Grocery store,false,true,
3e539222-dcac-4a3a-aec7-131fb7d2b71a,2026-04-12,6f168c2c-529c-4ec8-9932-90d1b493cf87,EXPENSE,Dining,Restaurant or delivery,1160,UPI,Food outlet,false,false,
54dab2bf-7a27-40d3-aba0-6eb3ed97cdd0,2026-04-12,6f168c2c-529c-4ec8-9932-90d1b493cf87,EXPENSE,Entertainment,Leisure,1444,UPI,Entertainment venue,false,false,
63cdff98-24eb-4a35-a2b5-9577ad21e162,2026-04-13,6f168c2c-529c-4ec8-9932-90d1b493cf87,EXPENSE,Transport,Commute,269,UPI,Local transport,false,true,
6247b454-fb5b-4596-aff5-5735bf762e2e,2026-04-14,6f168c2c-529c-4ec8-9932-90d1b493cf87,EXPENSE,Transport,Commute,272,UPI,Local transport,false,true,
741f4f68-687e-474b-a1cc-635ff545580c,2026-04-15,6f168c2c-529c-4ec8-9932-90d1b493cf87,EXPENSE,Transport,Commute,199,Cash,Local transport,false,true,
7339412a-b417-4963-aec7-1a28f368dc6c,2026-04-16,6f168c2c-529c-4ec8-9932-90d1b493cf87,EXPENSE,Transport,Commute,301,UPI,Local transport,false,true,
79905ca5-3a27-41c4-a363-6d438eaef30b,2026-04-17,6f168c2c-529c-4ec8-9932-90d1b493cf87,EXPENSE,Food,Groceries,940,UPI,Grocery store,false,true,
d58dbd5c-8ed6-4c6a-af00-8b9b734d3253,2026-04-17,6f168c2c-529c-4ec8-9932-90d1b493cf87,EXPENSE,Transport,Commute,214,UPI,Local transport,false,true,
10ddcd28-41a1-4e71-ad73-88e89d835707,2026-04-21,6f168c2c-529c-4ec8-9932-90d1b493cf87,EXPENSE,Education,Course or materials,2038,UPI,Education provider,false,true,
a0528bed-a948-4cc8-ae29-d67e51a34e3f,2026-04-22,6f168c2c-529c-4ec8-9932-90d1b493cf87,EXPENSE,Transport,Commute,325,UPI,Local transport,false,true,
d1984152-22b5-409d-a388-546ecbe58a27,2026-04-23,6f168c2c-529c-4ec8-9932-90d1b493cf87,EXPENSE,Transport,Commute,172,UPI,Local transport,false,true,
3a13fdc8-a334-4c36-a0c7-99844f78b094,2026-04-23,6f168c2c-529c-4ec8-9932-90d1b493cf87,EXPENSE,Education,Course or materials,2318,UPI,Education provider,false,true,
aec5ff6b-0fc4-40e8-a845-14ffb80a5794,2026-04-24,6f168c2c-529c-4ec8-9932-90d1b493cf87,EXPENSE,Transport,Commute,350,UPI,Local transport,false,true,
ab78ef75-7ee6-4fe4-a56d-8ad4068ec12f,2026-04-24,6f168c2c-529c-4ec8-9932-90d1b493cf87,EXPENSE,Dining,Restaurant or delivery,1218,UPI,Food outlet,false,false,
cbd8bb57-0a67-4700-a03f-0717f8fe8c4d,2026-04-25,6f168c2c-529c-4ec8-9932-90d1b493cf87,EXPENSE,Entertainment,Leisure,422,UPI,Entertainment venue,false,false,
f2ef7ad7-a7fe-4fd5-ab7c-267b427560c8,2026-04-26,6f168c2c-529c-4ec8-9932-90d1b493cf87,EXPENSE,Dining,Restaurant or delivery,1266,UPI,Food outlet,false,false,
a6e95e69-af71-4582-a574-d190da27a78d,2026-04-26,6f168c2c-529c-4ec8-9932-90d1b493cf87,EXPENSE,Entertainment,Leisure,1060,UPI,Entertainment venue,false,false,
eb621a67-4936-4b82-a896-9e1a6c649fa6,2026-04-27,6f168c2c-529c-4ec8-9932-90d1b493cf87,EXPENSE,Food,Groceries,1118,UPI,Grocery store,false,true,
125b7489-f319-49fb-a2aa-9fb4879052b3,2026-04-27,6f168c2c-529c-4ec8-9932-90d1b493cf87,EXPENSE,Transport,Commute,179,Cash,Local transport,false,true,
3633f821-6146-49a0-a59a-97ed2068f5b9,2026-04-28,6f168c2c-529c-4ec8-9932-90d1b493cf87,EXPENSE,Food,Groceries,358,UPI,Grocery store,false,true,
e89df679-d8e2-4e42-aa6a-5c5b58aaa2b3,2026-04-28,6f168c2c-529c-4ec8-9932-90d1b493cf87,EXPENSE,Transport,Commute,239,UPI,Local transport,false,true,
5d150ce2-2249-418f-ad05-87c61adba53f,2026-04-29,6f168c2c-529c-4ec8-9932-90d1b493cf87,EXPENSE,Food,Groceries,1041,UPI,Grocery store,false,true,
58f278ba-cfb3-4547-ac1d-b7c48e86c3ff,2026-04-29,6f168c2c-529c-4ec8-9932-90d1b493cf87,EXPENSE,Transport,Commute,323,UPI,Local transport,false,true,
f9a38af6-51d6-4cf2-a3b1-73aab4d1baac,2026-04-30,6f168c2c-529c-4ec8-9932-90d1b493cf87,EXPENSE,Food,Groceries,582,UPI,Grocery store,false,true,
c4b9d418-a33b-4100-a153-34616bd68b2b,2026-04-30,6f168c2c-529c-4ec8-9932-90d1b493cf87,EXPENSE,Transport,Commute,264,UPI,Local transport,false,true,
b5fff6bd-f25b-4d1e-a87a-000fca4a4ba0,2026-05-01,6f168c2c-529c-4ec8-9932-90d1b493cf87,INCOME,Salary,Primary salary,88000,Bank transfer,Employer,true,true,
584ff5b3-5670-4420-a4b3-3fc1641c38c3,2026-05-01,6f168c2c-529c-4ec8-9932-90d1b493cf87,EXPENSE,Transport,Commute,223,UPI,Local transport,false,true,
f23dadaf-5f0c-4065-a3bc-84892d3eade2,2026-05-02,6f168c2c-529c-4ec8-9932-90d1b493cf87,EXPENSE,Housing,Rent,22000,Bank transfer,Landlord,true,true,
89d49da9-c57e-42fa-a753-1cb18b135cce,2026-05-02,6f168c2c-529c-4ec8-9932-90d1b493cf87,EXPENSE,Food,Groceries,653,UPI,Grocery store,false,true,
c812467f-857c-4e92-a79c-97992bad5fc0,2026-05-02,6f168c2c-529c-4ec8-9932-90d1b493cf87,EXPENSE,Entertainment,Leisure,1590,UPI,Entertainment venue,false,false,
b4e33d4a-522f-47c0-adbd-749850d93779,2026-05-03,6f168c2c-529c-4ec8-9932-90d1b493cf87,EXPENSE,Food,Groceries,721,UPI,Grocery store,false,true,
b9300825-1998-492a-a914-9a080dee8377,2026-05-03,6f168c2c-529c-4ec8-9932-90d1b493cf87,EXPENSE,Dining,Restaurant or delivery,436,UPI,Food outlet,false,false,
194485a0-a50d-4834-a4c3-45f813b1920b,2026-05-04,6f168c2c-529c-4ec8-9932-90d1b493cf87,EXPENSE,Transport,Commute,331,UPI,Local transport,false,true,
fd4095bb-af03-484e-af86-7cd10101b6c6,2026-05-05,6f168c2c-529c-4ec8-9932-90d1b493cf87,EXPENSE,Utilities,Electricity and water,2917,UPI,Utility provider,true,true,
608d7a53-ce84-40c7-af60-9f5085637d77,2026-05-05,6f168c2c-529c-4ec8-9932-90d1b493cf87,EXPENSE,Transport,Commute,192,Cash,Local transport,false,true,
818c2130-812d-438d-ad36-732984956360,2026-05-06,6f168c2c-529c-4ec8-9932-90d1b493cf87,EXPENSE,Food,Groceries,985,Card,Grocery store,false,true,
c979f0d8-d128-44c7-aa37-618841f9931b,2026-05-06,6f168c2c-529c-4ec8-9932-90d1b493cf87,EXPENSE,Transport,Commute,142,UPI,Local transport,false,true,
cc85f7ec-895f-442b-af41-a216dcbd7591,2026-05-07,6f168c2c-529c-4ec8-9932-90d1b493cf87,EXPENSE,Utilities,Internet,899,Card,Internet provider,true,true,
16873773-a166-4521-a8e0-155f29f890fe,2026-05-07,6f168c2c-529c-4ec8-9932-90d1b493cf87,EXPENSE,Food,Groceries,668,Card,Grocery store,false,true,
c3ee1df3-15e8-47e1-a2f3-cdc348213a09,2026-05-07,6f168c2c-529c-4ec8-9932-90d1b493cf87,EXPENSE,Transport,Commute,95,UPI,Local transport,false,true,
45821302-9f24-4178-a103-bb7f28320efc,2026-05-07,6f168c2c-529c-4ec8-9932-90d1b493cf87,EXPENSE,Dining,Restaurant or delivery,948,UPI,Food outlet,false,false,
058125b9-a242-49df-afca-eea351b95f16,2026-05-08,6f168c2c-529c-4ec8-9932-90d1b493cf87,EXPENSE,Subscriptions,Digital services,799,Card,Subscription services,true,false,
ed866e7d-d53b-47eb-a8e5-b107be01c7f8,2026-05-08,6f168c2c-529c-4ec8-9932-90d1b493cf87,EXPENSE,Food,Groceries,400,Card,Grocery store,false,true,
07085181-a05c-47f9-a195-06a14bab05a8,2026-05-08,6f168c2c-529c-4ec8-9932-90d1b493cf87,EXPENSE,Transport,Commute,342,UPI,Local transport,false,true,
c562ec88-82d0-45c2-aaf6-c2f186288122,2026-05-09,6f168c2c-529c-4ec8-9932-90d1b493cf87,EXPENSE,Food,Groceries,625,UPI,Grocery store,false,true,
5c097e2c-08aa-4194-a9cc-1673cdcd12b3,2026-05-09,6f168c2c-529c-4ec8-9932-90d1b493cf87,EXPENSE,Dining,Restaurant or delivery,832,UPI,Food outlet,false,false,
f7248533-2f6f-4eac-a4a0-cec81283a170,2026-05-10,6f168c2c-529c-4ec8-9932-90d1b493cf87,EXPENSE,Debt,Loan payment,8000,Bank transfer,Loan account,true,true,
56cc671c-2346-47c2-a157-a9ebf8656ac6,2026-05-10,6f168c2c-529c-4ec8-9932-90d1b493cf87,EXPENSE,Food,Groceries,475,UPI,Grocery store,false,true,
a5ac00f6-68dd-4a19-a9fd-d40da6cf397c,2026-05-11,6f168c2c-529c-4ec8-9932-90d1b493cf87,EXPENSE,Food,Groceries,654,UPI,Grocery store,false,true,
2df7f0d5-ad70-4eb7-a96c-10cc38cbb559,2026-05-12,6f168c2c-529c-4ec8-9932-90d1b493cf87,EXPENSE,Transport,Commute,337,UPI,Local transport,false,true,
83a918c7-f1e5-46d6-a457-170ef84c7edc,2026-05-12,6f168c2c-529c-4ec8-9932-90d1b493cf87,EXPENSE,Shopping,Personal purchase,1906,Card,Retail store,false,false,
f6cc5726-05bb-4f68-aa4c-0360a3c7e3b9,2026-05-13,6f168c2c-529c-4ec8-9932-90d1b493cf87,EXPENSE,Food,Groceries,776,UPI,Grocery store,false,true,
b2f4b20e-65c3-49b6-a47c-5f4be570619c,2026-05-13,6f168c2c-529c-4ec8-9932-90d1b493cf87,EXPENSE,Transport,Commute,179,UPI,Local transport,false,true,
a29de2c8-a4c3-4ebe-a672-acbb114365c4,2026-05-14,6f168c2c-529c-4ec8-9932-90d1b493cf87,EXPENSE,Food,Groceries,668,UPI,Grocery store,false,true,
5d75c0a4-50a1-4658-a506-c10213b728a2,2026-05-14,6f168c2c-529c-4ec8-9932-90d1b493cf87,EXPENSE,Transport,Commute,229,UPI,Local transport,false,true,
9fb91e35-5d48-4360-a2df-66870d6a4842,2026-05-15,6f168c2c-529c-4ec8-9932-90d1b493cf87,EXPENSE,Transport,Commute,309,Cash,Local transport,false,true,
5c237b57-9801-43e1-ac71-e7100a776b16,2026-05-18,6f168c2c-529c-4ec8-9932-90d1b493cf87,INCOME,Freelance,Project payment,9668,UPI,Freelance client,false,true,
3283052a-fe12-4f6e-abd5-90ae3e5bde3d,2026-05-18,6f168c2c-529c-4ec8-9932-90d1b493cf87,EXPENSE,Transport,Commute,104,UPI,Local transport,false,true,
6e4584e8-1d3b-44cb-a312-102baef7f831,2026-05-20,6f168c2c-529c-4ec8-9932-90d1b493cf87,EXPENSE,Transport,Commute,387,UPI,Local transport,false,true,
0a8c43f9-0b8c-4ead-a46d-51b61c4fb7a2,2026-05-21,6f168c2c-529c-4ec8-9932-90d1b493cf87,EXPENSE,Food,Groceries,270,UPI,Grocery store,false,true,
57437bb8-8ed3-4c8b-a4e2-9f8fadf9d2a7,2026-05-21,6f168c2c-529c-4ec8-9932-90d1b493cf87,EXPENSE,Transport,Commute,213,UPI,Local transport,false,true,
79a11dbd-ffec-4085-aa1c-5a57d7c1c649,2026-05-21,6f168c2c-529c-4ec8-9932-90d1b493cf87,EXPENSE,Education,Course or materials,1806,UPI,Education provider,false,true,
6466c1b8-5d9a-4b93-a947-2b49f91fc52e,2026-05-22,6f168c2c-529c-4ec8-9932-90d1b493cf87,EXPENSE,Food,Groceries,798,UPI,Grocery store,false,true,
b19d4b55-d938-4487-a5e3-6ff78f5ff586,2026-05-22,6f168c2c-529c-4ec8-9932-90d1b493cf87,EXPENSE,Transport,Commute,270,Cash,Local transport,false,true,
fb557fe1-f3f0-4b59-a00b-35ff3a8b17ff,2026-05-23,6f168c2c-529c-4ec8-9932-90d1b493cf87,EXPENSE,Dining,Restaurant or delivery,798,UPI,Food outlet,false,false,
77ae6bb8-b442-4bed-ab0a-d783b9c2ff86,2026-05-24,6f168c2c-529c-4ec8-9932-90d1b493cf87,EXPENSE,Food,Groceries,754,UPI,Grocery store,false,true,
0eebc39e-045d-420f-a557-d6823c5dc666,2026-05-25,6f168c2c-529c-4ec8-9932-90d1b493cf87,EXPENSE,Transport,Commute,385,Cash,Local transport,false,true,
39f3549e-2f38-4ce8-a8f7-9fd64be79194,2026-05-26,6f168c2c-529c-4ec8-9932-90d1b493cf87,EXPENSE,Transport,Commute,306,UPI,Local transport,false,true,
97ebe701-7083-4e2a-aa5b-282381805dc1,2026-05-27,6f168c2c-529c-4ec8-9932-90d1b493cf87,EXPENSE,Food,Groceries,314,UPI,Grocery store,false,true,
4f44bfbe-1969-4b79-a9e9-b0862453054b,2026-05-27,6f168c2c-529c-4ec8-9932-90d1b493cf87,EXPENSE,Transport,Commute,90,UPI,Local transport,false,true,
5840bc0d-c866-43a6-a3cf-cda80dae0319,2026-05-28,6f168c2c-529c-4ec8-9932-90d1b493cf87,EXPENSE,Transport,Commute,183,UPI,Local transport,false,true,
f8020d6c-e0ff-4b44-a634-beaf3edc8616,2026-05-29,6f168c2c-529c-4ec8-9932-90d1b493cf87,EXPENSE,Transport,Commute,195,UPI,Local transport,false,true,
6ee5ec59-fe3e-421b-a5cb-8af220d35ffc,2026-05-30,6f168c2c-529c-4ec8-9932-90d1b493cf87,EXPENSE,Dining,Restaurant or delivery,428,UPI,Food outlet,false,false,
955ac615-7d02-4452-a30a-47ed0cc7f4a9,2026-05-31,6f168c2c-529c-4ec8-9932-90d1b493cf87,EXPENSE,Food,Groceries,459,Card,Grocery store,false,true,
afd33640-a476-4e08-a90c-6b8762259252,2026-05-31,6f168c2c-529c-4ec8-9932-90d1b493cf87,EXPENSE,Dining,Restaurant or delivery,1053,UPI,Food outlet,false,false,
d8bcaafe-6220-4ecf-a7de-14e78641ef0c,2026-05-31,6f168c2c-529c-4ec8-9932-90d1b493cf87,EXPENSE,Shopping,Personal purchase,732,Card,Retail store,false,false,
d14963df-bd8e-4837-a993-c04afa1f394b,2026-06-01,6f168c2c-529c-4ec8-9932-90d1b493cf87,INCOME,Salary,Primary salary,88000,Bank transfer,Employer,true,true,
63acebe7-6915-49a1-abeb-aef8507cde47,2026-06-01,6f168c2c-529c-4ec8-9932-90d1b493cf87,EXPENSE,Transport,Commute,404,UPI,Local transport,false,true,
d839095e-e51e-42cf-a680-c329ced36da1,2026-06-01,6f168c2c-529c-4ec8-9932-90d1b493cf87,EXPENSE,Dining,Restaurant or delivery,815,UPI,Food outlet,false,false,
78b58820-08d8-4d88-a309-438c86f07cb1,2026-06-02,6f168c2c-529c-4ec8-9932-90d1b493cf87,EXPENSE,Housing,Rent,22000,Bank transfer,Landlord,true,true,
354ee092-ca16-474a-abcf-1d53c6450199,2026-06-02,6f168c2c-529c-4ec8-9932-90d1b493cf87,EXPENSE,Transport,Commute,216,UPI,Local transport,false,true,
e4d4624c-5580-49bd-af8e-76d34b8ce9a6,2026-06-03,6f168c2c-529c-4ec8-9932-90d1b493cf87,EXPENSE,Food,Groceries,551,Card,Grocery store,false,true,
6693d859-c72f-4116-ae39-6a552fb1c952,2026-06-03,6f168c2c-529c-4ec8-9932-90d1b493cf87,EXPENSE,Transport,Commute,273,UPI,Local transport,false,true,
a2253288-613a-4070-ab53-42e5922d2cfe,2026-06-05,6f168c2c-529c-4ec8-9932-90d1b493cf87,EXPENSE,Utilities,Electricity and water,3224,UPI,Utility provider,true,true,
8d28ad77-fb39-48a7-a7b4-41287019f8d7,2026-06-05,6f168c2c-529c-4ec8-9932-90d1b493cf87,EXPENSE,Transport,Commute,348,UPI,Local transport,false,true,
d4760f18-ec04-4433-ad48-57d0c24efc96,2026-06-05,6f168c2c-529c-4ec8-9932-90d1b493cf87,EXPENSE,Dining,Restaurant or delivery,458,UPI,Food outlet,false,false,
ccc0f08f-dda4-4f79-a63c-7ad8bdf55f9a,2026-06-05,6f168c2c-529c-4ec8-9932-90d1b493cf87,EXPENSE,Healthcare,Medicine or consultation,1395,Card,Healthcare provider,false,true,
ba2a73c6-028d-4431-aed8-efa14210438c,2026-06-07,6f168c2c-529c-4ec8-9932-90d1b493cf87,EXPENSE,Utilities,Internet,899,Card,Internet provider,true,true,
ccd12ea6-7041-4135-a785-f84ce8de1d0e,2026-06-08,6f168c2c-529c-4ec8-9932-90d1b493cf87,EXPENSE,Subscriptions,Digital services,799,Card,Subscription services,true,false,
edb98318-ace0-4b90-ad15-be71ab9101ad,2026-06-08,6f168c2c-529c-4ec8-9932-90d1b493cf87,EXPENSE,Food,Groceries,446,UPI,Grocery store,false,true,
a4f1eee0-69f1-4ae5-a91d-f20b9c99f773,2026-06-08,6f168c2c-529c-4ec8-9932-90d1b493cf87,EXPENSE,Transport,Commute,256,UPI,Local transport,false,true,
cee90ce1-fa47-45a1-ab6f-88d768844954,2026-06-09,6f168c2c-529c-4ec8-9932-90d1b493cf87,EXPENSE,Food,Groceries,280,Card,Grocery store,false,true,
6a484287-c94f-4b71-a216-ab58596a2389,2026-06-09,6f168c2c-529c-4ec8-9932-90d1b493cf87,EXPENSE,Transport,Commute,387,UPI,Local transport,false,true,
1c3dcdd5-7b41-457f-afd6-93269ee66459,2026-06-10,6f168c2c-529c-4ec8-9932-90d1b493cf87,EXPENSE,Debt,Loan payment,8000,Bank transfer,Loan account,true,true,
c8468c4e-a84f-4431-a4f8-a979d6febc23,2026-06-10,6f168c2c-529c-4ec8-9932-90d1b493cf87,EXPENSE,Food,Groceries,1088,Card,Grocery store,false,true,
90835e3f-22e8-438e-af95-143c22e475b3,2026-06-12,6f168c2c-529c-4ec8-9932-90d1b493cf87,EXPENSE,Transport,Commute,359,UPI,Local transport,false,true,
a5eb1560-dc32-437d-a0af-5aff6a9ec684,2026-06-13,6f168c2c-529c-4ec8-9932-90d1b493cf87,EXPENSE,Food,Groceries,905,UPI,Grocery store,false,true,
1c5a9270-5345-43f7-a581-d9a34daa7586,2026-06-13,6f168c2c-529c-4ec8-9932-90d1b493cf87,EXPENSE,Entertainment,Leisure,1564,UPI,Entertainment venue,false,false,
8d287418-1deb-4bdb-aa4e-932314da81e2,2026-06-14,6f168c2c-529c-4ec8-9932-90d1b493cf87,EXPENSE,Education,Course or materials,1893,UPI,Education provider,false,true,
0665a8c5-0a69-4aa2-a313-0c9c556e3bd8,2026-06-15,6f168c2c-529c-4ec8-9932-90d1b493cf87,EXPENSE,Food,Groceries,1060,UPI,Grocery store,false,true,
633416a2-3f94-4b12-a17f-2a890c1f91fd,2026-06-15,6f168c2c-529c-4ec8-9932-90d1b493cf87,EXPENSE,Transport,Commute,160,UPI,Local transport,false,true,
29cd18de-a9f5-41ba-a155-8400a79321ab,2026-06-16,6f168c2c-529c-4ec8-9932-90d1b493cf87,EXPENSE,Food,Groceries,472,UPI,Grocery store,false,true,
6ea57d32-f4ce-4619-a730-450439415583,2026-06-16,6f168c2c-529c-4ec8-9932-90d1b493cf87,EXPENSE,Transport,Commute,209,UPI,Local transport,false,true,
8d9f1730-bbf1-4337-acf1-74520a006583,2026-06-16,6f168c2c-529c-4ec8-9932-90d1b493cf87,EXPENSE,Shopping,Personal purchase,2670,Card,Retail store,false,false,
8e8237b6-3491-4f52-a83e-bf771767e0e9,2026-06-17,6f168c2c-529c-4ec8-9932-90d1b493cf87,EXPENSE,Food,Groceries,367,Card,Grocery store,false,true,
4979b240-52b0-4fad-a72a-f37650823c9c,2026-06-17,6f168c2c-529c-4ec8-9932-90d1b493cf87,EXPENSE,Transport,Commute,111,UPI,Local transport,false,true,
244f6061-e090-4862-ad4b-d9d4c42088a7,2026-06-18,6f168c2c-529c-4ec8-9932-90d1b493cf87,EXPENSE,Transport,Commute,385,UPI,Local transport,false,true,
66015ef8-3aa4-4ef2-af8b-b2844ce2706b,2026-06-19,6f168c2c-529c-4ec8-9932-90d1b493cf87,EXPENSE,Transport,Commute,166,UPI,Local transport,false,true,
33028f30-f360-4a9a-ae4b-a3d279d41060,2026-06-20,6f168c2c-529c-4ec8-9932-90d1b493cf87,EXPENSE,Food,Groceries,1181,UPI,Grocery store,false,true,
f2f19581-ac6e-4808-a77c-427efa174715,2026-06-20,6f168c2c-529c-4ec8-9932-90d1b493cf87,EXPENSE,Dining,Restaurant or delivery,458,UPI,Food outlet,false,false,
09ebd4ba-9239-4395-ad1c-40b8f179d11f,2026-06-23,6f168c2c-529c-4ec8-9932-90d1b493cf87,EXPENSE,Transport,Commute,338,Cash,Local transport,false,true,
ff5dcadb-d824-4877-a1c5-12f57221bcdf,2026-06-23,6f168c2c-529c-4ec8-9932-90d1b493cf87,EXPENSE,Education,Course or materials,647,UPI,Education provider,false,true,
f6a28a58-0cdd-42f9-a926-437d6e16ea5a,2026-06-24,6f168c2c-529c-4ec8-9932-90d1b493cf87,EXPENSE,Transport,Commute,205,UPI,Local transport,false,true,
a9d17aa1-ec81-48a9-abb3-b73b0db36714,2026-06-24,6f168c2c-529c-4ec8-9932-90d1b493cf87,EXPENSE,Education,Course or materials,513,UPI,Education provider,false,true,
4a5424f4-bcfe-445e-a8da-d515f4823f4a,2026-06-25,6f168c2c-529c-4ec8-9932-90d1b493cf87,EXPENSE,Transport,Commute,230,Cash,Local transport,false,true,
771dd720-54f8-4562-a63d-1e2f897046e3,2026-06-26,6f168c2c-529c-4ec8-9932-90d1b493cf87,EXPENSE,Transport,Commute,363,UPI,Local transport,false,true,
7ca36d95-0ae9-4664-af14-e4fb53873748,2026-06-28,6f168c2c-529c-4ec8-9932-90d1b493cf87,EXPENSE,Food,Groceries,375,Card,Grocery store,false,true,
1772d87c-9770-41de-aee8-c3677725e17b,2026-06-28,6f168c2c-529c-4ec8-9932-90d1b493cf87,EXPENSE,Dining,Restaurant or delivery,931,UPI,Food outlet,false,false,
611d5117-f3ac-4930-a676-be6cc4912d6d,2026-06-29,6f168c2c-529c-4ec8-9932-90d1b493cf87,EXPENSE,Food,Groceries,786,Card,Grocery store,false,true,
dfb2208f-7865-4d91-a8db-5653a398d00e,2026-06-29,6f168c2c-529c-4ec8-9932-90d1b493cf87,EXPENSE,Transport,Commute,94,UPI,Local transport,false,true,
dbb35d3f-14e7-4698-a281-fbe6808a6df2,2026-06-29,6f168c2c-529c-4ec8-9932-90d1b493cf87,EXPENSE,Shopping,Personal purchase,1774,Card,Retail store,false,false,
7f101c9d-8fee-4967-a510-3a1e701fded8,2026-06-29,6f168c2c-529c-4ec8-9932-90d1b493cf87,EXPENSE,Education,Course or materials,902,UPI,Education provider,false,true,
a96925cb-3f59-4bc8-abfc-c6fcb43c72a3,2026-06-30,6f168c2c-529c-4ec8-9932-90d1b493cf87,EXPENSE,Food,Groceries,328,UPI,Grocery store,false,true,
d51fa460-0b4d-4a0e-afd5-b46e0c4708a6,2026-06-30,6f168c2c-529c-4ec8-9932-90d1b493cf87,EXPENSE,Transport,Commute,383,Cash,Local transport,false,true,
45f7d0a2-d935-4455-a064-426443a203a7,2026-07-01,6f168c2c-529c-4ec8-9932-90d1b493cf87,INCOME,Salary,Primary salary,88000,Bank transfer,Employer,true,true,
c48fe4ab-1949-4aeb-a084-83b98e0a013a,2026-07-02,6f168c2c-529c-4ec8-9932-90d1b493cf87,EXPENSE,Housing,Rent,22000,Bank transfer,Landlord,true,true,
51729855-f993-497e-af30-56f0dda920ac,2026-07-02,6f168c2c-529c-4ec8-9932-90d1b493cf87,EXPENSE,Transport,Commute,321,UPI,Local transport,false,true,
2efbe9ef-40fb-447a-a175-cface6d4b7f8,2026-07-02,6f168c2c-529c-4ec8-9932-90d1b493cf87,EXPENSE,Shopping,Personal purchase,2021,Card,Retail store,false,false,
93ee3fe8-b52b-4445-a1c0-9c3ad6e253a4,2026-07-03,6f168c2c-529c-4ec8-9932-90d1b493cf87,EXPENSE,Food,Groceries,593,Card,Grocery store,false,true,
079d7491-a239-48d9-a142-24f4a46cdff3,2026-07-03,6f168c2c-529c-4ec8-9932-90d1b493cf87,EXPENSE,Transport,Commute,412,UPI,Local transport,false,true,
e95b732c-447e-4109-a0ed-ec2aeb0b5238,2026-07-03,6f168c2c-529c-4ec8-9932-90d1b493cf87,EXPENSE,Dining,Restaurant or delivery,579,UPI,Food outlet,false,false,
54009d3f-43f5-4750-a38c-c76c8c8ef6ea,2026-07-04,6f168c2c-529c-4ec8-9932-90d1b493cf87,EXPENSE,Food,Groceries,267,Card,Grocery store,false,true,
cb588174-e3d3-4ca1-adef-269be92b369a,2026-07-04,6f168c2c-529c-4ec8-9932-90d1b493cf87,EXPENSE,Dining,Restaurant or delivery,587,UPI,Food outlet,false,false,
3414f502-4cda-43d4-a02f-a56fafc388ee,2026-07-05,6f168c2c-529c-4ec8-9932-90d1b493cf87,EXPENSE,Utilities,Electricity and water,3161,UPI,Utility provider,true,true,
7a4c59ee-f536-43b1-ac68-a3e2a031d4a1,2026-07-05,6f168c2c-529c-4ec8-9932-90d1b493cf87,EXPENSE,Food,Groceries,1076,Card,Grocery store,false,true,
ccbaeb3e-eb57-4dd5-a612-65abaf03221b,2026-07-05,6f168c2c-529c-4ec8-9932-90d1b493cf87,EXPENSE,Entertainment,Leisure,1179,UPI,Entertainment venue,false,false,
544dfae7-8e30-409c-a9e7-7b03703f46a0,2026-07-06,6f168c2c-529c-4ec8-9932-90d1b493cf87,EXPENSE,Food,Groceries,1247,UPI,Grocery store,false,true,
91e922ce-29da-4db6-acda-ab178c361a0f,2026-07-06,6f168c2c-529c-4ec8-9932-90d1b493cf87,EXPENSE,Transport,Commute,306,UPI,Local transport,false,true,
ed81013f-ffe2-451f-aadf-e3b7e8292799,2026-07-07,6f168c2c-529c-4ec8-9932-90d1b493cf87,EXPENSE,Utilities,Internet,899,Card,Internet provider,true,true,
f25d5171-1cf1-4cc8-aaa1-42c394221dbd,2026-07-07,6f168c2c-529c-4ec8-9932-90d1b493cf87,EXPENSE,Transport,Commute,260,UPI,Local transport,false,true,
d26c4f16-0d70-40d8-a948-eed5b266fbac,2026-07-08,6f168c2c-529c-4ec8-9932-90d1b493cf87,EXPENSE,Subscriptions,Digital services,799,Card,Subscription services,true,false,
7329fb6f-109f-46bf-ab8e-018f719d715f,2026-07-08,6f168c2c-529c-4ec8-9932-90d1b493cf87,EXPENSE,Transport,Commute,246,UPI,Local transport,false,true,
2e544065-40df-4a66-a4a4-b772688a838b,2026-07-09,6f168c2c-529c-4ec8-9932-90d1b493cf87,EXPENSE,Transport,Commute,136,UPI,Local transport,false,true,
18476772-365b-4171-aa95-2f28e92fb17f,2026-07-09,6f168c2c-529c-4ec8-9932-90d1b493cf87,EXPENSE,Dining,Restaurant or delivery,326,UPI,Food outlet,false,false,
5d38afe3-8104-42f2-afa3-9514529efd36,2026-07-10,6f168c2c-529c-4ec8-9932-90d1b493cf87,EXPENSE,Debt,Loan payment,8000,Bank transfer,Loan account,true,true,
ca34d3c8-a9b0-4b30-ac94-6a7a0061ef82,2026-07-10,6f168c2c-529c-4ec8-9932-90d1b493cf87,EXPENSE,Food,Groceries,997,UPI,Grocery store,false,true,
4f09c574-be4d-4801-aaad-df67fb543e6b,2026-07-10,6f168c2c-529c-4ec8-9932-90d1b493cf87,EXPENSE,Dining,Restaurant or delivery,956,UPI,Food outlet,false,false,
2b74fc7d-f223-4087-ad81-ba7fda4ef6f4,2026-07-11,6f168c2c-529c-4ec8-9932-90d1b493cf87,EXPENSE,Food,Groceries,917,UPI,Grocery store,false,true,
aa00b9e2-8b5c-477c-a85c-6c7cfd4771c0,2026-07-12,6f168c2c-529c-4ec8-9932-90d1b493cf87,EXPENSE,Food,Groceries,1090,UPI,Grocery store,false,true,
6ab5a7be-0f74-4b14-a60d-e0d9c0acc440,2026-07-13,6f168c2c-529c-4ec8-9932-90d1b493cf87,EXPENSE,Food,Groceries,805,UPI,Grocery store,false,true,
9d60e109-c2c6-4263-ae3f-df0eaba77282,2026-07-13,6f168c2c-529c-4ec8-9932-90d1b493cf87,EXPENSE,Transport,Commute,191,UPI,Local transport,false,true,
adcc0052-028e-4649-a910-a3388fda682b,2026-07-15,6f168c2c-529c-4ec8-9932-90d1b493cf87,EXPENSE,Food,Groceries,953,Card,Grocery store,false,true,
ceb51bb9-b413-495a-af49-04666c51e5a5,2026-07-15,6f168c2c-529c-4ec8-9932-90d1b493cf87,EXPENSE,Transport,Commute,160,UPI,Local transport,false,true,
f01f2df1-a18e-4539-a5cd-c9e0670470d1,2026-07-15,6f168c2c-529c-4ec8-9932-90d1b493cf87,EXPENSE,Dining,Restaurant or delivery,488,UPI,Food outlet,false,false,
a54c739d-b365-422e-ad9f-2a4afed701ec,2026-07-16,6f168c2c-529c-4ec8-9932-90d1b493cf87,EXPENSE,Transport,Commute,175,UPI,Local transport,false,true,
aa438d78-05bf-4a52-a6d2-f275bcd46982,2026-07-17,6f168c2c-529c-4ec8-9932-90d1b493cf87,EXPENSE,Transport,Commute,158,UPI,Local transport,false,true,
77af7ca7-bc87-4cb7-aa82-b52da75cef24,2026-07-18,6f168c2c-529c-4ec8-9932-90d1b493cf87,INCOME,Freelance,Project payment,8057,UPI,Freelance client,false,true,
a016e70d-9b81-4f42-a17c-400dc2b3c7eb,2026-07-18,6f168c2c-529c-4ec8-9932-90d1b493cf87,EXPENSE,Food,Groceries,1153,UPI,Grocery store,false,true,
50328962-b541-4f04-a1a6-448d687518dd,2026-07-18,6f168c2c-529c-4ec8-9932-90d1b493cf87,EXPENSE,Dining,Restaurant or delivery,1186,UPI,Food outlet,false,false,
07f9c673-3b09-4ef0-a243-3bf656dfcccd,2026-07-19,6f168c2c-529c-4ec8-9932-90d1b493cf87,EXPENSE,Dining,Restaurant or delivery,1394,UPI,Food outlet,false,false,
1ff21330-fb22-4b9e-aced-a147efd84cf7,2026-07-20,6f168c2c-529c-4ec8-9932-90d1b493cf87,EXPENSE,Transport,Commute,105,Cash,Local transport,false,true,
43836fdc-e9dc-496c-a12d-494ab9f8c956,2026-07-21,6f168c2c-529c-4ec8-9932-90d1b493cf87,EXPENSE,Food,Groceries,383,Card,Grocery store,false,true,
892240c9-814b-4de1-a6f3-c5dc0f5f03b2,2026-07-21,6f168c2c-529c-4ec8-9932-90d1b493cf87,EXPENSE,Transport,Commute,316,UPI,Local transport,false,true,
e77ef5d2-1de7-45f8-afd4-4898a6c41b24,2026-07-21,6f168c2c-529c-4ec8-9932-90d1b493cf87,EXPENSE,Dining,Restaurant or delivery,1230,UPI,Food outlet,false,false,
8bc77eeb-6c8f-4b70-ab59-f1af23f1aa7d,2026-07-22,6f168c2c-529c-4ec8-9932-90d1b493cf87,EXPENSE,Food,Groceries,1203,Card,Grocery store,false,true,
74b61874-3a92-4f16-a29c-d3b98b97f65b,2026-07-22,6f168c2c-529c-4ec8-9932-90d1b493cf87,EXPENSE,Transport,Commute,263,UPI,Local transport,false,true,
003c8563-0b5b-46c0-a2cd-fe07c385ee1f,2026-07-23,6f168c2c-529c-4ec8-9932-90d1b493cf87,EXPENSE,Food,Groceries,839,Card,Grocery store,false,true,
2ff72b1b-81a8-4430-a35c-daf14979274c,2026-07-24,6f168c2c-529c-4ec8-9932-90d1b493cf87,EXPENSE,Transport,Commute,90,UPI,Local transport,false,true,
675703de-4ef7-4345-af7b-1f7989f0cfcb,2026-07-25,6f168c2c-529c-4ec8-9932-90d1b493cf87,EXPENSE,Dining,Restaurant or delivery,439,UPI,Food outlet,false,false,
dcdd1b50-e9a1-4533-aedf-56483b6b263d,2026-07-26,6f168c2c-529c-4ec8-9932-90d1b493cf87,EXPENSE,Food,Groceries,474,UPI,Grocery store,false,true,
2d3c3c83-84e6-4ff9-a4a1-c51a309c98a9,2026-07-26,6f168c2c-529c-4ec8-9932-90d1b493cf87,EXPENSE,Dining,Restaurant or delivery,693,UPI,Food outlet,false,false,
524d0b14-a033-41de-a669-178cf92cd79a,2026-07-27,6f168c2c-529c-4ec8-9932-90d1b493cf87,EXPENSE,Food,Groceries,509,UPI,Grocery store,false,true,
0936b0bb-21ed-4ae3-a9f7-a32466b20c21,2026-07-27,6f168c2c-529c-4ec8-9932-90d1b493cf87,EXPENSE,Transport,Commute,224,UPI,Local transport,false,true,
30d6aa0a-b981-4005-ae8b-3c6c3e3f62aa,2026-07-27,6f168c2c-529c-4ec8-9932-90d1b493cf87,EXPENSE,Dining,Restaurant or delivery,1178,UPI,Food outlet,false,false,
ca6d2f00-2123-4910-a76f-ab0a02a7c8ab,2026-07-28,6f168c2c-529c-4ec8-9932-90d1b493cf87,EXPENSE,Food,Groceries,299,Card,Grocery store,false,true,
e61b82a1-6d72-4971-ac7b-521faa022d6c,2026-07-28,6f168c2c-529c-4ec8-9932-90d1b493cf87,EXPENSE,Transport,Commute,231,UPI,Local transport,false,true,
d0aeb7d8-d27a-4cba-abdb-9550f5c9c433,2026-07-29,6f168c2c-529c-4ec8-9932-90d1b493cf87,EXPENSE,Transport,Commute,260,UPI,Local transport,false,true,
a84b5bcd-fa35-42e3-a4ec-8fcb75485c92,2026-07-30,6f168c2c-529c-4ec8-9932-90d1b493cf87,EXPENSE,Food,Groceries,556,Card,Grocery store,false,true,
6b7b1901-a7df-4180-a281-fb05b4b11379,2026-07-30,6f168c2c-529c-4ec8-9932-90d1b493cf87,EXPENSE,Transport,Commute,258,UPI,Local transport,false,true,
307d8ded-33cd-4aaa-ae5c-40c91ec04ebc,2026-07-31,6f168c2c-529c-4ec8-9932-90d1b493cf87,EXPENSE,Food,Groceries,407,UPI,Grocery store,false,true,
681e47fe-6ced-4e5d-a07a-0067f3644767,2026-07-31,6f168c2c-529c-4ec8-9932-90d1b493cf87,EXPENSE,Transport,Commute,401,UPI,Local transport,false,true,
783b0bca-efc7-4ce3-a3e6-7960f9545320,2026-08-01,6f168c2c-529c-4ec8-9932-90d1b493cf87,INCOME,Salary,Primary salary,88000,Bank transfer,Employer,true,true,
aa59c896-2418-4a82-ab5e-3f3ccfb5d7bf,2026-08-01,6f168c2c-529c-4ec8-9932-90d1b493cf87,EXPENSE,Food,Groceries,587,Card,Grocery store,false,true,
ede112aa-5981-4a1a-a793-4630dadbeb69,2026-08-01,6f168c2c-529c-4ec8-9932-90d1b493cf87,EXPENSE,Dining,Restaurant or delivery,797,UPI,Food outlet,false,false,
7094c62f-8d15-499b-a6e9-af75c99114bb,2026-08-02,6f168c2c-529c-4ec8-9932-90d1b493cf87,EXPENSE,Housing,Rent,22000,Bank transfer,Landlord,true,true,
b0f269c9-9566-4a12-a57b-61e8c345597e,2026-08-02,6f168c2c-529c-4ec8-9932-90d1b493cf87,EXPENSE,Dining,Restaurant or delivery,577,UPI,Food outlet,false,false,
6ad03455-8bb0-497f-a1d7-199f7802c945,2026-08-03,6f168c2c-529c-4ec8-9932-90d1b493cf87,EXPENSE,Food,Groceries,845,Card,Grocery store,false,true,
a4570337-7b64-45a3-a1ac-6d1400953a49,2026-08-03,6f168c2c-529c-4ec8-9932-90d1b493cf87,EXPENSE,Transport,Commute,132,UPI,Local transport,false,true,
3079748d-f555-4197-a78a-452a4edf3497,2026-08-04,6f168c2c-529c-4ec8-9932-90d1b493cf87,EXPENSE,Food,Groceries,1119,UPI,Grocery store,false,true,
15ad5a76-a280-47d4-a5d4-1d97a680cbc4,2026-08-04,6f168c2c-529c-4ec8-9932-90d1b493cf87,EXPENSE,Transport,Commute,166,UPI,Local transport,false,true,
89035154-b838-4d3f-a101-c6e692766a46,2026-08-05,6f168c2c-529c-4ec8-9932-90d1b493cf87,EXPENSE,Utilities,Electricity and water,4151,UPI,Utility provider,true,true,
75a80cdb-d2f5-4a4a-a0d2-4fb487fd5b3a,2026-08-05,6f168c2c-529c-4ec8-9932-90d1b493cf87,EXPENSE,Food,Groceries,313,UPI,Grocery store,false,true,
264f7e69-5aad-4f39-aafe-0ae499b03b05,2026-08-05,6f168c2c-529c-4ec8-9932-90d1b493cf87,EXPENSE,Transport,Commute,134,UPI,Local transport,false,true,
1fab5c73-fc0e-419f-a802-7e7b12d6b79a,2026-08-05,6f168c2c-529c-4ec8-9932-90d1b493cf87,EXPENSE,Shopping,Personal purchase,2318,Card,Retail store,false,false,
a77dade3-776b-4ce3-a23a-0283f26afb8f,2026-08-06,6f168c2c-529c-4ec8-9932-90d1b493cf87,EXPENSE,Transport,Commute,188,UPI,Local transport,false,true,
cfda328f-e698-4bb4-ad94-c79c02cac5d4,2026-08-07,6f168c2c-529c-4ec8-9932-90d1b493cf87,EXPENSE,Utilities,Internet,899,Card,Internet provider,true,true,
ed8e8292-86ca-4062-aeec-277b67fc4fd0,2026-08-07,6f168c2c-529c-4ec8-9932-90d1b493cf87,EXPENSE,Transport,Commute,343,UPI,Local transport,false,true,
a45a917d-3f33-4b9a-a1ef-9221ffc83917,2026-08-08,6f168c2c-529c-4ec8-9932-90d1b493cf87,EXPENSE,Subscriptions,Digital services,799,Card,Subscription services,true,false,
b2c4d9dc-ce3f-489c-ab6a-93a4aa8ea8dc,2026-08-09,6f168c2c-529c-4ec8-9932-90d1b493cf87,EXPENSE,Food,Groceries,765,Card,Grocery store,false,true,
81778dd8-d3ab-4ec6-ad2f-f7a1b3cd72d3,2026-08-10,6f168c2c-529c-4ec8-9932-90d1b493cf87,EXPENSE,Debt,Loan payment,8000,Bank transfer,Loan account,true,true,
8f7f4621-3fbf-4a65-aee3-f97754be1776,2026-08-10,6f168c2c-529c-4ec8-9932-90d1b493cf87,EXPENSE,Transport,Commute,106,UPI,Local transport,false,true,
faafa6fc-a144-4e5b-a2ff-dfe3e33d21d0,2026-08-11,6f168c2c-529c-4ec8-9932-90d1b493cf87,EXPENSE,Food,Groceries,439,Card,Grocery store,false,true,
25623aa1-bbc4-4a72-a810-3486c0082e74,2026-08-11,6f168c2c-529c-4ec8-9932-90d1b493cf87,EXPENSE,Transport,Commute,255,UPI,Local transport,false,true,
9536bbc6-3834-4985-a883-ce124f88101a,2026-08-12,6f168c2c-529c-4ec8-9932-90d1b493cf87,EXPENSE,Food,Groceries,864,Card,Grocery store,false,true,
0b54f7c9-0f8f-4d88-a0cf-420f285fc7f7,2026-08-12,6f168c2c-529c-4ec8-9932-90d1b493cf87,EXPENSE,Transport,Commute,187,Cash,Local transport,false,true,
8e2a942b-a469-4d41-a383-5abb22c6bb4c,2026-08-13,6f168c2c-529c-4ec8-9932-90d1b493cf87,EXPENSE,Food,Groceries,1029,UPI,Grocery store,false,true,
a12fe411-403e-4cba-a2ff-f60698475ef0,2026-08-14,6f168c2c-529c-4ec8-9932-90d1b493cf87,EXPENSE,Transport,Commute,163,UPI,Local transport,false,true,
d6f4f5df-c72c-43bc-a6b8-04ec577c133c,2026-08-16,6f168c2c-529c-4ec8-9932-90d1b493cf87,EXPENSE,Dining,Restaurant or delivery,757,UPI,Food outlet,false,false,
d3c8ee5e-a82b-492a-ab40-1de32eac172b,2026-08-16,6f168c2c-529c-4ec8-9932-90d1b493cf87,EXPENSE,Entertainment,Leisure,1323,UPI,Entertainment venue,false,false,
f3c6ce85-b7d3-4be9-aa30-7b902fd32ebc,2026-08-17,6f168c2c-529c-4ec8-9932-90d1b493cf87,EXPENSE,Food,Groceries,805,UPI,Grocery store,false,true,
ea7ddad5-58b8-4abf-accc-544211adff28,2026-08-17,6f168c2c-529c-4ec8-9932-90d1b493cf87,EXPENSE,Transport,Commute,391,Cash,Local transport,false,true,
6f5d8a25-3279-45c7-a3db-7c9cf56c040b,2026-08-18,6f168c2c-529c-4ec8-9932-90d1b493cf87,EXPENSE,Food,Groceries,1196,UPI,Grocery store,false,true,
0fb8f38a-cda0-4ffd-a376-65fa63f19de7,2026-08-18,6f168c2c-529c-4ec8-9932-90d1b493cf87,EXPENSE,Transport,Commute,374,UPI,Local transport,false,true,
8446b15f-eca3-4cce-ace5-64b8693cb1bb,2026-08-19,6f168c2c-529c-4ec8-9932-90d1b493cf87,EXPENSE,Transport,Commute,136,UPI,Local transport,false,true,
97438b7c-7797-4f76-a8f0-2055225daeda,2026-08-20,6f168c2c-529c-4ec8-9932-90d1b493cf87,EXPENSE,Food,Groceries,630,UPI,Grocery store,false,true,
98bfa156-1b8c-44df-a7b2-a6e5dae62dbd,2026-08-20,6f168c2c-529c-4ec8-9932-90d1b493cf87,EXPENSE,Transport,Commute,157,UPI,Local transport,false,true,
e7a5ed3a-3203-4a29-a688-6b8cc437a638,2026-08-21,6f168c2c-529c-4ec8-9932-90d1b493cf87,EXPENSE,Transport,Commute,364,UPI,Local transport,false,true,
86e7d71a-a340-47c7-acd5-70eb2a34661a,2026-08-22,6f168c2c-529c-4ec8-9932-90d1b493cf87,EXPENSE,Food,Groceries,499,UPI,Grocery store,false,true,
28571709-7863-4ac2-a496-6bc10494c3fc,2026-08-22,6f168c2c-529c-4ec8-9932-90d1b493cf87,EXPENSE,Dining,Restaurant or delivery,1342,UPI,Food outlet,false,false,
28f6df6f-0160-4b96-a930-8f446bf2532d,2026-08-23,6f168c2c-529c-4ec8-9932-90d1b493cf87,EXPENSE,Food,Groceries,341,Card,Grocery store,false,true,
8a8d1181-f89f-4685-a2ed-e99c60fa5023,2026-08-23,6f168c2c-529c-4ec8-9932-90d1b493cf87,EXPENSE,Shopping,Personal purchase,1155,Card,Retail store,false,false,
d1e4dd70-9654-485e-a5db-bfa00f0407f6,2026-08-23,6f168c2c-529c-4ec8-9932-90d1b493cf87,EXPENSE,Education,Course or materials,2242,UPI,Education provider,false,true,
cfcf968c-41ec-4aba-a3de-97e787698676,2026-08-24,6f168c2c-529c-4ec8-9932-90d1b493cf87,EXPENSE,Transport,Commute,294,UPI,Local transport,false,true,
ca181bb2-ab91-4365-a021-359f8bbb58b2,2026-08-25,6f168c2c-529c-4ec8-9932-90d1b493cf87,EXPENSE,Transport,Commute,343,UPI,Local transport,false,true,
09fa296d-395f-416c-a216-1c0682c1668e,2026-08-26,6f168c2c-529c-4ec8-9932-90d1b493cf87,EXPENSE,Transport,Commute,176,UPI,Local transport,false,true,
1ddb48f0-6dd5-4736-a0a9-bc11d1902402,2026-08-26,6f168c2c-529c-4ec8-9932-90d1b493cf87,EXPENSE,Shopping,Personal purchase,3078,Card,Retail store,false,false,
a81cc6b4-2984-4f23-afec-f72249a049b0,2026-08-27,6f168c2c-529c-4ec8-9932-90d1b493cf87,EXPENSE,Food,Groceries,1012,UPI,Grocery store,false,true,
cdd3da25-fd51-48d0-a46c-12ac29a28495,2026-08-27,6f168c2c-529c-4ec8-9932-90d1b493cf87,EXPENSE,Transport,Commute,365,UPI,Local transport,false,true,
42201831-5bdd-4348-a5ae-bfab87b8db52,2026-08-30,6f168c2c-529c-4ec8-9932-90d1b493cf87,EXPENSE,Dining,Restaurant or delivery,516,UPI,Food outlet,false,false,
f2b9db34-46af-4605-a4c9-d6521b8a6cfa,2026-08-31,6f168c2c-529c-4ec8-9932-90d1b493cf87,EXPENSE,Transport,Commute,232,UPI,Local transport,false,true,
ab99c133-538f-4d23-aaf7-9d3d8ed6e843,2026-09-01,6f168c2c-529c-4ec8-9932-90d1b493cf87,INCOME,Salary,Primary salary,88000,Bank transfer,Employer,true,true,
daa9c350-ace8-48ae-a5a8-0d1ad41b396c,2026-09-01,6f168c2c-529c-4ec8-9932-90d1b493cf87,EXPENSE,Transport,Commute,111,UPI,Local transport,false,true,
8fb4ce1b-6bd0-4940-a4ce-0846d48608d9,2026-09-01,6f168c2c-529c-4ec8-9932-90d1b493cf87,EXPENSE,Shopping,Personal purchase,1413,Card,Retail store,false,false,
2814e6be-e20c-41cc-a5ba-a0452002ad72,2026-09-02,6f168c2c-529c-4ec8-9932-90d1b493cf87,EXPENSE,Housing,Rent,22000,Bank transfer,Landlord,true,true,
2eea1733-2555-48c0-a705-783a5c4c1637,2026-09-02,6f168c2c-529c-4ec8-9932-90d1b493cf87,EXPENSE,Food,Groceries,576,UPI,Grocery store,false,true,
ee1732bc-2cbc-4de5-a6f0-4b01563d303d,2026-09-02,6f168c2c-529c-4ec8-9932-90d1b493cf87,EXPENSE,Transport,Commute,212,UPI,Local transport,false,true,
7ef43edb-0c4f-499d-aafb-cef7714f4829,2026-09-02,6f168c2c-529c-4ec8-9932-90d1b493cf87,EXPENSE,Dining,Restaurant or delivery,1077,UPI,Food outlet,false,false,
2bcf891f-a407-4dbd-a9d6-eefe1449c264,2026-09-03,6f168c2c-529c-4ec8-9932-90d1b493cf87,EXPENSE,Transport,Commute,395,UPI,Local transport,false,true,
98039318-d983-4735-ad7c-9e9e38d7973f,2026-09-04,6f168c2c-529c-4ec8-9932-90d1b493cf87,EXPENSE,Food,Groceries,458,Card,Grocery store,false,true,
766fd42d-8a09-4c87-ae2a-f2ab2d4a7fc3,2026-09-04,6f168c2c-529c-4ec8-9932-90d1b493cf87,EXPENSE,Transport,Commute,206,UPI,Local transport,false,true,
70f2d5ed-24b6-4b61-ae5e-059df3c9abdd,2026-09-05,6f168c2c-529c-4ec8-9932-90d1b493cf87,EXPENSE,Utilities,Electricity and water,3850,UPI,Utility provider,true,true,
34c33d52-5ec4-47de-aa3a-d22e13d1cd0a,2026-09-05,6f168c2c-529c-4ec8-9932-90d1b493cf87,EXPENSE,Food,Groceries,512,UPI,Grocery store,false,true,
d9c049b2-90ee-41a9-a65f-957d56954505,2026-09-05,6f168c2c-529c-4ec8-9932-90d1b493cf87,EXPENSE,Dining,Restaurant or delivery,340,UPI,Food outlet,false,false,
f9a4812d-17dc-4c67-a826-aa1bb082ccd9,2026-09-05,6f168c2c-529c-4ec8-9932-90d1b493cf87,EXPENSE,Entertainment,Leisure,1241,UPI,Entertainment venue,false,false,